controller,seed_set,seed,score,T12,T_std,T_max,safe,Cc,Gp,extraction
PID,validation,100,-1933.8782639387678,73.48859148629876,0.01993641404438036,76.10143632862514,True,12.308609432002417,1.3651732952924802,0.9692226045487243
Fuzzy,validation,100,-2085.832591365489,73.49455118438243,0.012284719401322123,75.29385419684375,True,12.311563458153739,1.3516867230801652,0.9692045419957134
PID,validation,101,-1761.735718828656,73.51174304501295,0.009476714541253272,76.57132761524626,True,12.301230895638815,1.0182323544429341,0.9691393509092099
Fuzzy,validation,101,-1884.9528793453226,73.5014940239779,0.025456557300142235,75.70652712209498,True,12.304149976865409,1.0353711449469807,0.9692487346487021
PID,validation,102,-1900.4096947394648,73.4859971096536,0.014773067203317024,76.13313470103755,True,12.316197912555007,1.2827708338651371,0.9692133238038805
Fuzzy,validation,102,-2050.0609215504533,73.50757258200852,0.02186968202870526,75.33461900783176,True,12.318729485815817,1.2603922297144328,0.9691107232126848
PID,validation,103,-1684.030503521628,73.51182050514576,0.01430887457116011,76.85037749275546,True,12.288038981449155,0.8700059177467221,0.9691950379742607
Fuzzy,validation,103,-1797.5117253591059,73.47839115905492,0.05187279741445895,75.97844220475679,True,12.290942306898517,0.908262617948969,0.9693423511577344
PID,validation,104,-2047.303393173451,73.49568950413791,0.008364729075392128,75.93779975015443,True,12.30011475560389,1.4518375348530803,0.9691862052774695
Fuzzy,validation,104,-2213.6127749688876,73.501134210067,0.012422517648735271,75.14744542613509,True,12.303604796912328,1.4430750890429587,0.9691524109891286
PID,validation,105,-2289.8591619968265,73.4912659728008,0.01402913821149665,75.3137703149164,True,12.30591465132391,1.7245681184163066,0.9692243602438279
Fuzzy,validation,105,-2525.068559888978,73.47288386749307,0.011860972736754813,74.61522795908604,True,12.310321111230222,1.7307691093118414,0.9691634033224064
PID,validation,106,-1559.8032727529874,73.51100873588501,0.019408281012425088,77.26229881334805,True,12.276428108995608,0.6767663380266484,0.9691838561515842
Fuzzy,validation,106,-1657.0852040911338,73.48891770996825,0.03213056611619688,76.32147239514777,True,12.279191728705353,0.7054360227639891,0.9692623621122308
PID,validation,107,-1856.8846211671478,73.4694012169677,0.04845685546217466,76.33787933134174,True,12.302604432184344,1.2019968770918705,0.9693316661137512
Fuzzy,validation,107,-1992.7965386806572,73.42985314939088,0.06063973946027617,75.51606751059313,True,12.304234826461697,1.1990126558750143,0.9689218988099924
PID,validation,108,-2022.6309482820864,73.48249454191226,0.015789199313973018,76.0725510708806,True,12.292385116847939,1.3699666733053013,0.9692290982152592
Fuzzy,validation,108,-2181.2043824753164,73.49824421938145,0.02499180642688489,75.24732711214318,True,12.29588494297835,1.3449428866157755,0.9691255502818674
PID,validation,109,-2101.9803398747654,73.49022234472545,0.01523414626366865,75.6073221846414,True,12.320494270189696,1.530713863829173,0.969242454464519
Fuzzy,validation,109,-2295.788745485428,73.49088359700238,0.025679922122300775,74.84876933816015,True,12.323491662257746,1.5198508725590494,0.9691295051185767
PID,test,200,-2034.3077013196732,73.47516643374274,0.016781232156737148,75.96415477902178,True,12.296857437049109,1.4102106340998841,0.9691553170664847
Fuzzy,test,200,-2196.396947889207,73.51181941778174,0.010447956870972441,75.18676235044792,True,12.300753816666022,1.3739059484537188,0.96917923206625
PID,test,201,-1890.1933663351851,73.48045714843161,0.01986229119744883,76.23186107323271,True,12.30730472413164,1.2399311986126913,0.9692191173445287
Fuzzy,test,201,-2034.365034557275,73.50892148062265,0.03410174149285827,75.43044770215177,True,12.31005783105437,1.2055519259758873,0.9690858258071544
PID,test,202,-1818.3878848593836,73.48228508133616,0.019086483000500813,76.42145330430164,True,12.305319676440856,1.1517841780237237,0.9692509808002909
Fuzzy,test,202,-1948.8070903021924,73.48210243637095,0.011786737893273374,75.57493848233017,True,12.30779778370511,1.142038025553518,0.9691427382604393
PID,test,203,-1812.2705271099833,73.49587762642514,0.01754739765339198,76.60526521339665,True,12.280471264500305,1.0371528134244863,0.9692363591338786
Fuzzy,test,203,-1934.2259959920823,73.46008565188157,0.031477249602516126,75.77654594319966,True,12.28344142543177,1.0645071070156609,0.969259346968038
PID,test,204,-2122.4349216420324,73.49496181253494,0.016011090254660933,75.67525623371327,True,12.307582901307232,1.518412684750983,0.9691458062028254
Fuzzy,test,204,-2312.6036410288757,73.49367987535129,0.01167072403945569,74.8750400591312,True,12.311418940318989,1.5165792778928486,0.9691955815712086
PID,test,205,-1659.3536682765264,73.499201081677,0.02261699379866315,76.86919511877052,True,12.298477619449198,0.9063028726818868,0.9692649542423825
Fuzzy,test,205,-1771.6682775347163,73.4794010198151,0.020585710439686215,75.98348186571477,True,12.300804610525597,0.9253788582138078,0.9692513963060766
PID,test,206,-1738.754612513261,73.48420200865343,0.036834420107782276,76.53824666922742,True,12.316212342891728,1.0885088838240504,0.9692819788032416
Fuzzy,test,206,-1862.254709651546,73.45551434813883,0.024927701664852836,75.69287886618613,True,12.318169329288198,1.1068103453858913,0.9692146686501752
PID,test,207,-1823.2561975508954,73.50785150965545,0.038474232916380836,76.3136107327373,True,12.316600099961795,1.1973927660602568,0.9692927153910292
Fuzzy,test,207,-1960.4035944540624,73.46655946789522,0.019092473643069575,75.50581479159385,True,12.318501626522554,1.230864284957231,0.9691489552075505
PID,test,208,-2008.9141320678798,73.46891613524555,0.04179516671955078,75.9342726709259,True,12.308303308317363,1.4481627873897802,0.9692023690048346
Fuzzy,test,208,-2173.584990126644,73.5109060937287,0.010309942780128017,75.14262069479527,True,12.311846600115304,1.4003258940267815,0.9692103422361279
PID,test,209,-1938.758734575493,73.47324105922047,0.014705347806016433,76.15366908036431,True,12.304371695560377,1.3035463768163813,0.9692022331126159
Fuzzy,test,209,-2089.631860939513,73.50235955453505,0.03721955125143139,75.3420004515297,True,12.30726721135041,1.2640739184241443,0.9690498058291374
PID,test,210,-2045.999464761993,73.4921803718682,0.034260768449011485,75.92928888755135,True,12.29834596237163,1.4667615698707241,0.9691319135296559
Fuzzy,test,210,-2210.951564707472,73.51684699254776,0.008541743797827359,75.16451811736061,True,12.302355918135005,1.4408951742964429,0.9692104006596767
PID,test,211,-1821.7242399679426,73.5027164759529,0.023559735389400628,76.54843943827863,True,12.28661807159857,1.056356766001311,0.9692506328436761
Fuzzy,test,211,-1946.6807522580204,73.46797274106879,0.01985681620293877,75.7032137973655,True,12.289357862383266,1.0848832879207466,0.9692194101345852
PID,test,212,-1745.2852854854855,73.48768454592863,0.027403367780422926,76.71937321801771,True,12.287833360415974,0.9588317821498848,0.9692769757005467
Fuzzy,test,212,-1863.4019000443777,73.47410812506436,0.022231944291591033,75.86114284609407,True,12.290487252456138,0.9681014695184746,0.9692398695396673
PID,test,213,-2037.5376250859313,73.50129325928353,0.023407948037507006,75.907766561679,True,12.30586555273014,1.4100151017124765,0.9691374599901387
Fuzzy,test,213,-2205.238259903223,73.50691850542827,0.013024725958288371,75.12217192054656,True,12.309498695137583,1.4051327402836067,0.9692276207811253
PID,test,214,-1858.0379618651218,73.49538534544149,0.014299532269452627,76.47594459533612,True,12.285880312729649,1.1430517289646367,0.9692666511743928
Fuzzy,test,214,-1989.1391074498038,73.45842895231227,0.03312416306792492,75.60832566235521,True,12.28893092715325,1.1677206482665303,0.9692903064377272
PID,test,215,-1517.5812293087788,73.50680274276077,0.00878828318534089,77.25532818933787,True,12.294073358711403,0.6697492786074591,0.9691629138473864
Fuzzy,test,215,-1614.224494523832,73.48687820384785,0.015214382127599825,76.30207136927143,True,12.296434313085932,0.6878982276777068,0.969214740975484
PID,test,216,-2045.8319030002967,73.46707040898902,0.04868817756011496,75.81077924294414,True,12.309341409252708,1.4984256642456795,0.9690834755292705
Fuzzy,test,216,-2218.4172655317434,73.4799511367488,0.026107078749284786,75.05928522631663,True,12.312782327171709,1.4597261172249694,0.9690673399674425
PID,test,217,-2030.5612623884736,73.50067784282719,0.012956476760710703,75.8487791702026,True,12.313271895750772,1.4353887713054323,0.9691379910988817
Fuzzy,test,217,-2201.4285812353123,73.51937546688518,0.02656137425366734,75.07515907184042,True,12.316823775170134,1.430139949508204,0.9692777869063149
PID,test,218,-1941.2775842597673,73.4916773707927,0.02223533933887532,76.12999881496485,True,12.308196156146435,1.3241366100973437,0.9692583512349207
Fuzzy,test,218,-2095.279575002155,73.51149723191789,0.03275294050168528,75.28179828109883,True,12.31089217822685,1.303933172225862,0.969091298592845
PID,test,219,-1715.1706097885358,73.49694148573333,0.005327222286428256,76.72102824338197,True,12.297570538426745,0.9674978629926814,0.9691857687444833
Fuzzy,test,219,-1833.626683642995,73.47696940262847,0.013081914275773444,75.83284216919736,True,12.300113424652446,0.9804971482512324,0.9691926222379091
