gate,algo,pref_i,seed,ckpt,gate_satisfiable,val_score,test_score,Cc,Gp,T12,T_std,T_max,extraction,safe_frac_test
paper_gate,SAC,0,0,150000,True,-3103.8699201500995,-3076.0227850176475,11.863708591924457,1.373268443429659,76.11245936766724,0.04251059570953615,77.49959337077394,0.975124922982093,1.0
all_seeds,SAC,0,0,150000,True,-3103.8699201500995,-3076.0227850176475,11.863708591924457,1.373268443429659,76.11245936766724,0.04251059570953615,77.49959337077394,0.975124922982093,1.0
80pct_seeds,SAC,0,0,150000,True,-3103.8699201500995,-3076.0227850176475,11.863708591924457,1.373268443429659,76.11245936766724,0.04251059570953615,77.49959337077394,0.975124922982093,1.0
mean_only,SAC,0,0,150000,True,-3103.8699201500995,-3076.0227850176475,11.863708591924457,1.373268443429659,76.11245936766724,0.04251059570953615,77.49959337077394,0.975124922982093,1.0
no_gate,SAC,0,0,150000,True,-3103.8699201500995,-3076.0227850176475,11.863708591924457,1.373268443429659,76.11245936766724,0.04251059570953615,77.49959337077394,0.975124922982093,1.0
paper_gate,SAC,0,1,140000,True,-3085.282408715911,-3060.1817451618294,12.007724619006572,1.489545365620875,76.70090884136133,0.0659802760757644,77.92560674818765,0.9762477376606394,1.0
all_seeds,SAC,0,1,140000,True,-3085.282408715911,-3060.1817451618294,12.007724619006572,1.489545365620875,76.70090884136133,0.0659802760757644,77.92560674818765,0.9762477376606394,1.0
80pct_seeds,SAC,0,1,140000,True,-3085.282408715911,-3060.1817451618294,12.007724619006572,1.489545365620875,76.70090884136133,0.0659802760757644,77.92560674818765,0.9762477376606394,1.0
mean_only,SAC,0,1,140000,True,-3085.282408715911,-3060.1817451618294,12.007724619006572,1.489545365620875,76.70090884136133,0.0659802760757644,77.92560674818765,0.9762477376606394,1.0
no_gate,SAC,0,1,140000,True,-3085.282408715911,-3060.1817451618294,12.007724619006572,1.489545365620875,76.70090884136133,0.0659802760757644,77.92560674818765,0.9762477376606394,1.0
paper_gate,SAC,0,2,90000,True,-3077.0685397754164,-3050.76183522687,11.931163823720732,1.4306986638454944,76.56508693920266,0.12028123893041132,77.76651903180618,0.9758326778698928,1.0
all_seeds,SAC,0,2,90000,True,-3077.0685397754164,-3050.76183522687,11.931163823720732,1.4306986638454944,76.56508693920266,0.12028123893041132,77.76651903180618,0.9758326778698928,1.0
80pct_seeds,SAC,0,2,90000,True,-3077.0685397754164,-3050.76183522687,11.931163823720732,1.4306986638454944,76.56508693920266,0.12028123893041132,77.76651903180618,0.9758326778698928,1.0
mean_only,SAC,0,2,90000,True,-3077.0685397754164,-3050.76183522687,11.931163823720732,1.4306986638454944,76.56508693920266,0.12028123893041132,77.76651903180618,0.9758326778698928,1.0
no_gate,SAC,0,2,90000,True,-3077.0685397754164,-3050.76183522687,11.931163823720732,1.4306986638454944,76.56508693920266,0.12028123893041132,77.76651903180618,0.9758326778698928,1.0
paper_gate,SAC,0,3,150000,True,-3098.580943225486,-3078.2656008802915,11.966038419361494,1.434237332698486,76.2034444353962,0.060428026414897876,77.28301492341589,0.97541953863237,1.0
all_seeds,SAC,0,3,150000,True,-3098.580943225486,-3078.2656008802915,11.966038419361494,1.434237332698486,76.2034444353962,0.060428026414897876,77.28301492341589,0.97541953863237,1.0
80pct_seeds,SAC,0,3,150000,True,-3098.580943225486,-3078.2656008802915,11.966038419361494,1.434237332698486,76.2034444353962,0.060428026414897876,77.28301492341589,0.97541953863237,1.0
mean_only,SAC,0,3,150000,True,-3098.580943225486,-3078.2656008802915,11.966038419361494,1.434237332698486,76.2034444353962,0.060428026414897876,77.28301492341589,0.97541953863237,1.0
no_gate,SAC,0,3,150000,True,-3098.580943225486,-3078.2656008802915,11.966038419361494,1.434237332698486,76.2034444353962,0.060428026414897876,77.28301492341589,0.97541953863237,1.0
paper_gate,SAC,0,4,140000,True,-3081.7190773969137,-3058.9568470690933,11.964073473994166,1.3458737822809543,75.68141351353812,0.11622911016651052,77.18504443348631,0.973968266421666,1.0
all_seeds,SAC,0,4,140000,True,-3081.7190773969137,-3058.9568470690933,11.964073473994166,1.3458737822809543,75.68141351353812,0.11622911016651052,77.18504443348631,0.973968266421666,1.0
80pct_seeds,SAC,0,4,140000,True,-3081.7190773969137,-3058.9568470690933,11.964073473994166,1.3458737822809543,75.68141351353812,0.11622911016651052,77.18504443348631,0.973968266421666,1.0
mean_only,SAC,0,4,140000,True,-3081.7190773969137,-3058.9568470690933,11.964073473994166,1.3458737822809543,75.68141351353812,0.11622911016651052,77.18504443348631,0.973968266421666,1.0
no_gate,SAC,0,4,140000,True,-3081.7190773969137,-3058.9568470690933,11.964073473994166,1.3458737822809543,75.68141351353812,0.11622911016651052,77.18504443348631,0.973968266421666,1.0
paper_gate,SAC,1,0,90000,True,-2260.4518391086335,-2224.5708450369075,11.827532926129852,1.390714620966382,76.03181809743695,0.050332065100005915,76.87994517604098,0.9750236045702257,1.0
all_seeds,SAC,1,0,90000,True,-2260.4518391086335,-2224.5708450369075,11.827532926129852,1.390714620966382,76.03181809743695,0.050332065100005915,76.87994517604098,0.9750236045702257,1.0
80pct_seeds,SAC,1,0,90000,True,-2260.4518391086335,-2224.5708450369075,11.827532926129852,1.390714620966382,76.03181809743695,0.050332065100005915,76.87994517604098,0.9750236045702257,1.0
mean_only,SAC,1,0,90000,True,-2260.4518391086335,-2224.5708450369075,11.827532926129852,1.390714620966382,76.03181809743695,0.050332065100005915,76.87994517604098,0.9750236045702257,1.0
no_gate,SAC,1,0,90000,True,-2260.4518391086335,-2224.5708450369075,11.827532926129852,1.390714620966382,76.03181809743695,0.050332065100005915,76.87994517604098,0.9750236045702257,1.0
paper_gate,SAC,1,1,90000,True,-2300.041389113371,-2263.377333472662,11.665444883105904,1.0635968402128948,73.54204076800286,0.05423595587106789,77.59279471014962,0.9692439064258442,1.0
all_seeds,SAC,1,1,90000,True,-2300.041389113371,-2263.377333472662,11.665444883105904,1.0635968402128948,73.54204076800286,0.05423595587106789,77.59279471014962,0.9692439064258442,1.0
80pct_seeds,SAC,1,1,90000,True,-2300.041389113371,-2263.377333472662,11.665444883105904,1.0635968402128948,73.54204076800286,0.05423595587106789,77.59279471014962,0.9692439064258442,1.0
mean_only,SAC,1,1,90000,True,-2300.041389113371,-2263.377333472662,11.665444883105904,1.0635968402128948,73.54204076800286,0.05423595587106789,77.59279471014962,0.9692439064258442,1.0
no_gate,SAC,1,1,90000,True,-2300.041389113371,-2263.377333472662,11.665444883105904,1.0635968402128948,73.54204076800286,0.05423595587106789,77.59279471014962,0.9692439064258442,1.0
paper_gate,SAC,1,4,130000,True,-2427.891496130827,-2394.6185853571833,11.602969425221033,0.8836264281195838,71.47087822255152,0.03382487347977786,74.70991208045123,0.9649452482450371,1.0
all_seeds,SAC,1,4,130000,True,-2427.891496130827,-2394.6185853571833,11.602969425221033,0.8836264281195838,71.47087822255152,0.03382487347977786,74.70991208045123,0.9649452482450371,1.0
80pct_seeds,SAC,1,4,130000,True,-2427.891496130827,-2394.6185853571833,11.602969425221033,0.8836264281195838,71.47087822255152,0.03382487347977786,74.70991208045123,0.9649452482450371,1.0
mean_only,SAC,1,4,130000,True,-2427.891496130827,-2394.6185853571833,11.602969425221033,0.8836264281195838,71.47087822255152,0.03382487347977786,74.70991208045123,0.9649452482450371,1.0
no_gate,SAC,1,4,130000,True,-2427.891496130827,-2394.6185853571833,11.602969425221033,0.8836264281195838,71.47087822255152,0.03382487347977786,74.70991208045123,0.9649452482450371,1.0
paper_gate,SAC,2,0,90000,True,-1563.5248189599465,-1532.2164622930604,11.806180061667863,0.9607225950355733,71.30789973772002,0.10079587124244127,72.28942517908493,0.9645827579831538,1.0
all_seeds,SAC,2,0,90000,True,-1563.5248189599465,-1532.2164622930604,11.806180061667863,0.9607225950355733,71.30789973772002,0.10079587124244127,72.28942517908493,0.9645827579831538,1.0
80pct_seeds,SAC,2,0,90000,True,-1563.5248189599465,-1532.2164622930604,11.806180061667863,0.9607225950355733,71.30789973772002,0.10079587124244127,72.28942517908493,0.9645827579831538,1.0
mean_only,SAC,2,0,90000,True,-1563.5248189599465,-1532.2164622930604,11.806180061667863,0.9607225950355733,71.30789973772002,0.10079587124244127,72.28942517908493,0.9645827579831538,1.0
no_gate,SAC,2,0,90000,True,-1563.5248189599465,-1532.2164622930604,11.806180061667863,0.9607225950355733,71.30789973772002,0.10079587124244127,72.28942517908493,0.9645827579831538,1.0
paper_gate,SAC,2,1,90000,True,-1561.1235150253483,-1529.3463454104385,11.729214142450717,0.9647064483356779,71.88992692175898,0.06472746184888141,73.87002130762431,0.9657180478580688,1.0
all_seeds,SAC,2,1,90000,True,-1561.1235150253483,-1529.3463454104385,11.729214142450717,0.9647064483356779,71.88992692175898,0.06472746184888141,73.87002130762431,0.9657180478580688,1.0
80pct_seeds,SAC,2,1,90000,True,-1561.1235150253483,-1529.3463454104385,11.729214142450717,0.9647064483356779,71.88992692175898,0.06472746184888141,73.87002130762431,0.9657180478580688,1.0
mean_only,SAC,2,1,90000,True,-1561.1235150253483,-1529.3463454104385,11.729214142450717,0.9647064483356779,71.88992692175898,0.06472746184888141,73.87002130762431,0.9657180478580688,1.0
no_gate,SAC,2,1,90000,True,-1561.1235150253483,-1529.3463454104385,11.729214142450717,0.9647064483356779,71.88992692175898,0.06472746184888141,73.87002130762431,0.9657180478580688,1.0
paper_gate,SAC,2,2,140000,True,-1557.9470394990442,-1525.634608215198,11.65482825391778,0.8500227880220386,71.13823452535662,0.05522089651152871,71.98498967152216,0.9643801473123663,1.0
all_seeds,SAC,2,2,140000,True,-1557.9470394990442,-1525.634608215198,11.65482825391778,0.8500227880220386,71.13823452535662,0.05522089651152871,71.98498967152216,0.9643801473123663,1.0
80pct_seeds,SAC,2,2,140000,True,-1557.9470394990442,-1525.634608215198,11.65482825391778,0.8500227880220386,71.13823452535662,0.05522089651152871,71.98498967152216,0.9643801473123663,1.0
mean_only,SAC,2,2,140000,True,-1557.9470394990442,-1525.634608215198,11.65482825391778,0.8500227880220386,71.13823452535662,0.05522089651152871,71.98498967152216,0.9643801473123663,1.0
no_gate,SAC,2,2,140000,True,-1557.9470394990442,-1525.634608215198,11.65482825391778,0.8500227880220386,71.13823452535662,0.05522089651152871,71.98498967152216,0.9643801473123663,1.0
paper_gate,SAC,2,3,120000,True,-1557.477242922134,-1526.3468426981096,11.713138508001983,0.892304624317298,70.73964732974144,0.06842146878710617,72.76015622469183,0.9638897009051004,0.9
all_seeds,SAC,2,3,120000,True,-1557.477242922134,-1526.3468426981096,11.713138508001983,0.892304624317298,70.73964732974144,0.06842146878710617,72.76015622469183,0.9638897009051004,0.9
80pct_seeds,SAC,2,3,120000,True,-1557.477242922134,-1526.3468426981096,11.713138508001983,0.892304624317298,70.73964732974144,0.06842146878710617,72.76015622469183,0.9638897009051004,0.9
mean_only,SAC,2,3,120000,True,-1557.477242922134,-1526.3468426981096,11.713138508001983,0.892304624317298,70.73964732974144,0.06842146878710617,72.76015622469183,0.9638897009051004,0.9
no_gate,SAC,2,3,120000,True,-1557.477242922134,-1526.3468426981096,11.713138508001983,0.892304624317298,70.73964732974144,0.06842146878710617,72.76015622469183,0.9638897009051004,0.9
paper_gate,SAC,2,4,110000,True,-1554.314368762034,-1523.078844137968,11.842464176529697,0.9100926119742867,70.89789444997072,0.029300906874288983,72.60133848866026,0.9639336858330786,1.0
all_seeds,SAC,2,4,110000,True,-1554.314368762034,-1523.078844137968,11.842464176529697,0.9100926119742867,70.89789444997072,0.029300906874288983,72.60133848866026,0.9639336858330786,1.0
80pct_seeds,SAC,2,4,110000,True,-1554.314368762034,-1523.078844137968,11.842464176529697,0.9100926119742867,70.89789444997072,0.029300906874288983,72.60133848866026,0.9639336858330786,1.0
mean_only,SAC,2,4,110000,True,-1554.314368762034,-1523.078844137968,11.842464176529697,0.9100926119742867,70.89789444997072,0.029300906874288983,72.60133848866026,0.9639336858330786,1.0
no_gate,SAC,2,4,110000,True,-1554.314368762034,-1523.078844137968,11.842464176529697,0.9100926119742867,70.89789444997072,0.029300906874288983,72.60133848866026,0.9639336858330786,1.0
paper_gate,SAC,3,0,80000,True,-646.5993336570552,-598.1096052202271,11.69466708032916,0.893596418638355,71.09685382307255,0.06920265538976213,71.78603027527711,0.9642949327528643,1.0
all_seeds,SAC,3,0,80000,True,-646.5993336570552,-598.1096052202271,11.69466708032916,0.893596418638355,71.09685382307255,0.06920265538976213,71.78603027527711,0.9642949327528643,1.0
80pct_seeds,SAC,3,0,80000,True,-646.5993336570552,-598.1096052202271,11.69466708032916,0.893596418638355,71.09685382307255,0.06920265538976213,71.78603027527711,0.9642949327528643,1.0
mean_only,SAC,3,0,80000,True,-646.5993336570552,-598.1096052202271,11.69466708032916,0.893596418638355,71.09685382307255,0.06920265538976213,71.78603027527711,0.9642949327528643,1.0
no_gate,SAC,3,0,80000,True,-646.5993336570552,-598.1096052202271,11.69466708032916,0.893596418638355,71.09685382307255,0.06920265538976213,71.78603027527711,0.9642949327528643,1.0
paper_gate,SAC,1,2,80000,True,-2301.1849073307326,-2267.9416409369264,11.883141581326623,1.2225112658787314,74.58482472404151,0.060379192944236305,77.050240420665,0.9717625543121718,1.0
all_seeds,SAC,1,2,130000,True,-2300.114854628492,-2264.7652794914807,11.910241346943849,0.9466659773351432,72.43064671589387,0.239667382141652,77.29113780066807,0.9666005522008426,1.0
80pct_seeds,SAC,1,2,130000,True,-2300.114854628492,-2264.7652794914807,11.910241346943849,0.9466659773351432,72.43064671589387,0.239667382141652,77.29113780066807,0.9666005522008426,1.0
mean_only,SAC,1,2,130000,True,-2300.114854628492,-2264.7652794914807,11.910241346943849,0.9466659773351432,72.43064671589387,0.239667382141652,77.29113780066807,0.9666005522008426,1.0
no_gate,SAC,1,2,130000,True,-2300.114854628492,-2264.7652794914807,11.910241346943849,0.9466659773351432,72.43064671589387,0.239667382141652,77.29113780066807,0.9666005522008426,1.0
paper_gate,SAC,3,4,100000,True,-645.8927833533409,-600.7818442402346,11.897038922991475,0.9026492205236423,70.87533244193341,0.017799334694457856,72.74390955434595,0.9639150051928927,1.0
all_seeds,SAC,3,4,100000,True,-645.8927833533409,-600.7818442402346,11.897038922991475,0.9026492205236423,70.87533244193341,0.017799334694457856,72.74390955434595,0.9639150051928927,1.0
80pct_seeds,SAC,3,4,100000,True,-645.8927833533409,-600.7818442402346,11.897038922991475,0.9026492205236423,70.87533244193341,0.017799334694457856,72.74390955434595,0.9639150051928927,1.0
mean_only,SAC,3,4,100000,True,-645.8927833533409,-600.7818442402346,11.897038922991475,0.9026492205236423,70.87533244193341,0.017799334694457856,72.74390955434595,0.9639150051928927,1.0
no_gate,SAC,3,4,100000,True,-645.8927833533409,-600.7818442402346,11.897038922991475,0.9026492205236423,70.87533244193341,0.017799334694457856,72.74390955434595,0.9639150051928927,1.0
paper_gate,SAC,4,0,140000,True,-857.4582325461927,-834.3484924092369,12.183782256867863,0.9539519677237036,70.79851045323934,0.037662347826140065,72.10066907540647,0.9637919203214945,1.0
all_seeds,SAC,4,0,140000,True,-857.4582325461927,-834.3484924092369,12.183782256867863,0.9539519677237036,70.79851045323934,0.037662347826140065,72.10066907540647,0.9637919203214945,1.0
80pct_seeds,SAC,4,0,140000,True,-857.4582325461927,-834.3484924092369,12.183782256867863,0.9539519677237036,70.79851045323934,0.037662347826140065,72.10066907540647,0.9637919203214945,1.0
mean_only,SAC,4,0,140000,True,-857.4582325461927,-834.3484924092369,12.183782256867863,0.9539519677237036,70.79851045323934,0.037662347826140065,72.10066907540647,0.9637919203214945,1.0
no_gate,SAC,4,0,140000,True,-857.4582325461927,-834.3484924092369,12.183782256867863,0.9539519677237036,70.79851045323934,0.037662347826140065,72.10066907540647,0.9637919203214945,1.0
paper_gate,SAC,4,1,90000,True,-844.6027795319105,-823.0166474656207,12.366540535327264,1.038837550805513,70.79297784314267,0.047064690316724896,73.36652763499134,0.9637827239379982,1.0
all_seeds,SAC,4,1,90000,True,-844.6027795319105,-823.0166474656207,12.366540535327264,1.038837550805513,70.79297784314267,0.047064690316724896,73.36652763499134,0.9637827239379982,1.0
80pct_seeds,SAC,4,1,90000,True,-844.6027795319105,-823.0166474656207,12.366540535327264,1.038837550805513,70.79297784314267,0.047064690316724896,73.36652763499134,0.9637827239379982,1.0
mean_only,SAC,4,1,90000,True,-844.6027795319105,-823.0166474656207,12.366540535327264,1.038837550805513,70.79297784314267,0.047064690316724896,73.36652763499134,0.9637827239379982,1.0
no_gate,SAC,4,1,90000,True,-844.6027795319105,-823.0166474656207,12.366540535327264,1.038837550805513,70.79297784314267,0.047064690316724896,73.36652763499134,0.9637827239379982,1.0
paper_gate,SAC,4,2,150000,True,-852.1550691107643,-828.7049164661375,12.215247583203453,0.9878515383476529,70.83460913110812,0.030312040691683622,71.81047264994604,0.9638960629717147,1.0
all_seeds,SAC,4,2,150000,True,-852.1550691107643,-828.7049164661375,12.215247583203453,0.9878515383476529,70.83460913110812,0.030312040691683622,71.81047264994604,0.9638960629717147,1.0
80pct_seeds,SAC,4,2,150000,True,-852.1550691107643,-828.7049164661375,12.215247583203453,0.9878515383476529,70.83460913110812,0.030312040691683622,71.81047264994604,0.9638960629717147,1.0
mean_only,SAC,4,2,150000,True,-852.1550691107643,-828.7049164661375,12.215247583203453,0.9878515383476529,70.83460913110812,0.030312040691683622,71.81047264994604,0.9638960629717147,1.0
no_gate,SAC,4,2,150000,True,-852.1550691107643,-828.7049164661375,12.215247583203453,0.9878515383476529,70.83460913110812,0.030312040691683622,71.81047264994604,0.9638960629717147,1.0
paper_gate,SAC,4,3,120000,True,-857.0449063874546,-837.9399219274949,11.972020743026992,0.9931142835060547,71.41921804876064,0.10198095526307267,73.84616131322443,0.9649505763305181,1.0
all_seeds,SAC,4,3,120000,True,-857.0449063874546,-837.9399219274949,11.972020743026992,0.9931142835060547,71.41921804876064,0.10198095526307267,73.84616131322443,0.9649505763305181,1.0
80pct_seeds,SAC,4,3,120000,True,-857.0449063874546,-837.9399219274949,11.972020743026992,0.9931142835060547,71.41921804876064,0.10198095526307267,73.84616131322443,0.9649505763305181,1.0
mean_only,SAC,4,3,120000,True,-857.0449063874546,-837.9399219274949,11.972020743026992,0.9931142835060547,71.41921804876064,0.10198095526307267,73.84616131322443,0.9649505763305181,1.0
no_gate,SAC,4,3,120000,True,-857.0449063874546,-837.9399219274949,11.972020743026992,0.9931142835060547,71.41921804876064,0.10198095526307267,73.84616131322443,0.9649505763305181,1.0
paper_gate,SAC,4,4,130000,True,-846.795909119122,-825.5058766346498,12.316353185051192,1.0012547305011203,70.54216601949824,0.052562421164933634,73.00152933340847,0.9634591127663052,1.0
all_seeds,SAC,4,4,130000,True,-846.795909119122,-825.5058766346498,12.316353185051192,1.0012547305011203,70.54216601949824,0.052562421164933634,73.00152933340847,0.9634591127663052,1.0
80pct_seeds,SAC,4,4,130000,True,-846.795909119122,-825.5058766346498,12.316353185051192,1.0012547305011203,70.54216601949824,0.052562421164933634,73.00152933340847,0.9634591127663052,1.0
mean_only,SAC,4,4,130000,True,-846.795909119122,-825.5058766346498,12.316353185051192,1.0012547305011203,70.54216601949824,0.052562421164933634,73.00152933340847,0.9634591127663052,1.0
no_gate,SAC,4,4,130000,True,-846.795909119122,-825.5058766346498,12.316353185051192,1.0012547305011203,70.54216601949824,0.052562421164933634,73.00152933340847,0.9634591127663052,1.0
paper_gate,SAC,1,3,130000,True,-2284.0813313959225,-2246.183821065196,11.645769420465598,1.2245408824398947,74.76280329807933,0.08097071775737175,77.23384866296088,0.9723201603948466,1.0
all_seeds,SAC,1,3,140000,True,-2270.5495410809053,-2234.6230393155,11.673459762554154,0.29771240950977945,73.09327863443738,0.75280027253817,77.26368366934491,0.9653968506385209,1.0
80pct_seeds,SAC,1,3,140000,True,-2270.5495410809053,-2234.6230393155,11.673459762554154,0.29771240950977945,73.09327863443738,0.75280027253817,77.26368366934491,0.9653968506385209,1.0
mean_only,SAC,1,3,140000,True,-2270.5495410809053,-2234.6230393155,11.673459762554154,0.29771240950977945,73.09327863443738,0.75280027253817,77.26368366934491,0.9653968506385209,1.0
no_gate,SAC,1,3,140000,True,-2270.5495410809053,-2234.6230393155,11.673459762554154,0.29771240950977945,73.09327863443738,0.75280027253817,77.26368366934491,0.9653968506385209,1.0
paper_gate,TD3,2,1,150000,True,-1551.7897577336862,-1519.3460722787847,11.553145595149498,0.926247556244179,72.0752295846395,0.07273215325629859,73.78428426054445,0.9660675972357244,1.0
all_seeds,TD3,2,1,150000,True,-1551.7897577336862,-1519.3460722787847,11.553145595149498,0.926247556244179,72.0752295846395,0.07273215325629859,73.78428426054445,0.9660675972357244,1.0
80pct_seeds,TD3,2,1,150000,True,-1551.7897577336862,-1519.3460722787847,11.553145595149498,0.926247556244179,72.0752295846395,0.07273215325629859,73.78428426054445,0.9660675972357244,1.0
mean_only,TD3,2,1,150000,True,-1551.7897577336862,-1519.3460722787847,11.553145595149498,0.926247556244179,72.0752295846395,0.07273215325629859,73.78428426054445,0.9660675972357244,1.0
no_gate,TD3,2,1,150000,True,-1551.7897577336862,-1519.3460722787847,11.553145595149498,0.926247556244179,72.0752295846395,0.07273215325629859,73.78428426054445,0.9660675972357244,1.0
paper_gate,TD3,2,2,80000,True,-1588.495405230975,-1556.6524852295674,12.255843017988003,0.997903537122602,70.63375924167643,0.04029024020689717,72.22116830764234,0.9636005001155727,1.0
all_seeds,TD3,2,2,80000,True,-1588.495405230975,-1556.6524852295674,12.255843017988003,0.997903537122602,70.63375924167643,0.04029024020689717,72.22116830764234,0.9636005001155727,1.0
80pct_seeds,TD3,2,2,80000,True,-1588.495405230975,-1556.6524852295674,12.255843017988003,0.997903537122602,70.63375924167643,0.04029024020689717,72.22116830764234,0.9636005001155727,1.0
mean_only,TD3,2,2,80000,True,-1588.495405230975,-1556.6524852295674,12.255843017988003,0.997903537122602,70.63375924167643,0.04029024020689717,72.22116830764234,0.9636005001155727,1.0
no_gate,TD3,2,2,80000,True,-1588.495405230975,-1556.6524852295674,12.255843017988003,0.997903537122602,70.63375924167643,0.04029024020689717,72.22116830764234,0.9636005001155727,1.0
paper_gate,SAC,3,1,50000,True,-650.0811176543556,-603.9775089948959,11.808184456955118,0.8907934585322466,70.70143608904507,0.04826126232397927,72.38790610553528,0.9636141272667359,1.0
all_seeds,SAC,3,1,50000,True,-650.0811176543556,-603.9775089948959,11.808184456955118,0.8907934585322466,70.70143608904507,0.04826126232397927,72.38790610553528,0.9636141272667359,1.0
80pct_seeds,SAC,3,1,40000,True,-617.9966961533967,-569.7224035155452,11.55019150637512,0.7603745831444277,70.48177280123893,0.10053004997493913,71.93771784772294,0.9632883641493297,1.0
mean_only,SAC,3,1,40000,True,-617.9966961533967,-569.7224035155452,11.55019150637512,0.7603745831444277,70.48177280123893,0.10053004997493913,71.93771784772294,0.9632883641493297,1.0
no_gate,SAC,3,1,40000,True,-617.9966961533967,-569.7224035155452,11.55019150637512,0.7603745831444277,70.48177280123893,0.10053004997493913,71.93771784772294,0.9632883641493297,1.0
paper_gate,TD3,2,4,100000,True,-1567.8341966835935,-1529.025555364856,11.676504611793703,0.8461854612186082,71.75475962793716,0.05376467890002059,75.59027665154306,0.9652064718981006,1.0
all_seeds,TD3,2,4,100000,True,-1567.8341966835935,-1529.025555364856,11.676504611793703,0.8461854612186082,71.75475962793716,0.05376467890002059,75.59027665154306,0.9652064718981006,1.0
80pct_seeds,TD3,2,4,100000,True,-1567.8341966835935,-1529.025555364856,11.676504611793703,0.8461854612186082,71.75475962793716,0.05376467890002059,75.59027665154306,0.9652064718981006,1.0
mean_only,TD3,2,4,100000,True,-1567.8341966835935,-1529.025555364856,11.676504611793703,0.8461854612186082,71.75475962793716,0.05376467890002059,75.59027665154306,0.9652064718981006,1.0
no_gate,TD3,2,4,100000,True,-1567.8341966835935,-1529.025555364856,11.676504611793703,0.8461854612186082,71.75475962793716,0.05376467890002059,75.59027665154306,0.9652064718981006,1.0
paper_gate,PPO,2,0,90000,False,-2110.641198067323,-2015.2549167178945,12.246156987111718,1.3111642706864146,74.87389880681602,0.013508618470457857,75.100886886268,0.972278791064331,0.95
all_seeds,PPO,2,0,90000,False,-2110.641198067323,-2015.2549167178945,12.246156987111718,1.3111642706864146,74.87389880681602,0.013508618470457857,75.100886886268,0.972278791064331,0.95
80pct_seeds,PPO,2,0,90000,True,-2110.641198067323,-2015.2549167178945,12.246156987111718,1.3111642706864146,74.87389880681602,0.013508618470457857,75.100886886268,0.972278791064331,0.95
mean_only,PPO,2,0,90000,True,-2110.641198067323,-2015.2549167178945,12.246156987111718,1.3111642706864146,74.87389880681602,0.013508618470457857,75.100886886268,0.972278791064331,0.95
no_gate,PPO,2,0,90000,True,-2110.641198067323,-2015.2549167178945,12.246156987111718,1.3111642706864146,74.87389880681602,0.013508618470457857,75.100886886268,0.972278791064331,0.95
paper_gate,PPO,2,1,120000,True,-2173.0236206480627,-2093.493052790551,12.534302554656133,1.4216370753047138,75.3256407816333,0.0221067418166837,76.64421584644398,0.9715750502757954,1.0
all_seeds,PPO,2,1,120000,True,-2173.0236206480627,-2093.493052790551,12.534302554656133,1.4216370753047138,75.3256407816333,0.0221067418166837,76.64421584644398,0.9715750502757954,1.0
80pct_seeds,PPO,2,1,120000,True,-2173.0236206480627,-2093.493052790551,12.534302554656133,1.4216370753047138,75.3256407816333,0.0221067418166837,76.64421584644398,0.9715750502757954,1.0
mean_only,PPO,2,1,120000,True,-2173.0236206480627,-2093.493052790551,12.534302554656133,1.4216370753047138,75.3256407816333,0.0221067418166837,76.64421584644398,0.9715750502757954,1.0
no_gate,PPO,2,1,120000,True,-2173.0236206480627,-2093.493052790551,12.534302554656133,1.4216370753047138,75.3256407816333,0.0221067418166837,76.64421584644398,0.9715750502757954,1.0
paper_gate,PPO,2,2,30000,True,-1957.5466332077317,-1906.456170205594,12.12111394094924,1.2212253696843762,73.97314168073719,0.009367867420477068,74.6810525599964,0.9703242992176889,1.0
all_seeds,PPO,2,2,30000,True,-1957.5466332077317,-1906.456170205594,12.12111394094924,1.2212253696843762,73.97314168073719,0.009367867420477068,74.6810525599964,0.9703242992176889,1.0
80pct_seeds,PPO,2,2,30000,True,-1957.5466332077317,-1906.456170205594,12.12111394094924,1.2212253696843762,73.97314168073719,0.009367867420477068,74.6810525599964,0.9703242992176889,1.0
mean_only,PPO,2,2,30000,True,-1957.5466332077317,-1906.456170205594,12.12111394094924,1.2212253696843762,73.97314168073719,0.009367867420477068,74.6810525599964,0.9703242992176889,1.0
no_gate,PPO,2,2,30000,True,-1957.5466332077317,-1906.456170205594,12.12111394094924,1.2212253696843762,73.97314168073719,0.009367867420477068,74.6810525599964,0.9703242992176889,1.0
paper_gate,PPO,2,3,60000,True,-1867.2466111329638,-1818.7694799021137,11.966670602417697,1.2321576581125961,74.42235951420912,0.009030074553934148,74.9673752869927,0.9713825362504476,1.0
all_seeds,PPO,2,3,60000,True,-1867.2466111329638,-1818.7694799021137,11.966670602417697,1.2321576581125961,74.42235951420912,0.009030074553934148,74.9673752869927,0.9713825362504476,1.0
80pct_seeds,PPO,2,3,60000,True,-1867.2466111329638,-1818.7694799021137,11.966670602417697,1.2321576581125961,74.42235951420912,0.009030074553934148,74.9673752869927,0.9713825362504476,1.0
mean_only,PPO,2,3,60000,True,-1867.2466111329638,-1818.7694799021137,11.966670602417697,1.2321576581125961,74.42235951420912,0.009030074553934148,74.9673752869927,0.9713825362504476,1.0
no_gate,PPO,2,3,60000,True,-1867.2466111329638,-1818.7694799021137,11.966670602417697,1.2321576581125961,74.42235951420912,0.009030074553934148,74.9673752869927,0.9713825362504476,1.0
paper_gate,PPO,2,4,100000,True,-1988.0078801899356,-1937.1011997415535,12.263440459843677,1.3068587798838407,74.72274371351716,0.020918409415620377,76.26057895655366,0.9720742106974807,1.0
all_seeds,PPO,2,4,100000,True,-1988.0078801899356,-1937.1011997415535,12.263440459843677,1.3068587798838407,74.72274371351716,0.020918409415620377,76.26057895655366,0.9720742106974807,1.0
80pct_seeds,PPO,2,4,100000,True,-1988.0078801899356,-1937.1011997415535,12.263440459843677,1.3068587798838407,74.72274371351716,0.020918409415620377,76.26057895655366,0.9720742106974807,1.0
mean_only,PPO,2,4,100000,True,-1988.0078801899356,-1937.1011997415535,12.263440459843677,1.3068587798838407,74.72274371351716,0.020918409415620377,76.26057895655366,0.9720742106974807,1.0
no_gate,PPO,2,4,100000,True,-1988.0078801899356,-1937.1011997415535,12.263440459843677,1.3068587798838407,74.72274371351716,0.020918409415620377,76.26057895655366,0.9720742106974807,1.0
paper_gate,SAC,3,2,90000,True,-665.9488999825019,-614.8606103965162,11.964752509817021,0.9488112391057777,70.99842324784056,0.051050996538805585,72.186112311335,0.9641741424996007,1.0
all_seeds,SAC,3,2,90000,True,-665.9488999825019,-614.8606103965162,11.964752509817021,0.9488112391057777,70.99842324784056,0.051050996538805585,72.186112311335,0.9641741424996007,1.0
80pct_seeds,SAC,3,2,130000,True,-646.8699101865326,-597.0292253481466,11.874464166661642,0.8069362419371664,70.36220723693647,0.06895278752142538,71.84704013718637,0.9631723996411818,0.9
mean_only,SAC,3,2,130000,True,-646.8699101865326,-597.0292253481466,11.874464166661642,0.8069362419371664,70.36220723693647,0.06895278752142538,71.84704013718637,0.9631723996411818,0.9
no_gate,SAC,3,2,130000,True,-646.8699101865326,-597.0292253481466,11.874464166661642,0.8069362419371664,70.36220723693647,0.06895278752142538,71.84704013718637,0.9631723996411818,0.9
paper_gate,TD3,2,0,140000,True,-1592.5205373987283,-1554.3946556830601,11.95968298464723,0.97195098518738,71.12506332559958,0.08450341208064452,72.44820886258803,0.9645410765257196,1.0
all_seeds,TD3,2,0,130000,True,-1590.8430827448262,-1561.0797589898982,12.48199437743069,1.2448823474977069,73.98618064245431,0.2011456287235079,75.09705491288727,0.9705570553802747,1.0
80pct_seeds,TD3,2,0,130000,True,-1590.8430827448262,-1561.0797589898982,12.48199437743069,1.2448823474977069,73.98618064245431,0.2011456287235079,75.09705491288727,0.9705570553802747,1.0
mean_only,TD3,2,0,130000,True,-1590.8430827448262,-1561.0797589898982,12.48199437743069,1.2448823474977069,73.98618064245431,0.2011456287235079,75.09705491288727,0.9705570553802747,1.0
no_gate,TD3,2,0,130000,True,-1590.8430827448262,-1561.0797589898982,12.48199437743069,1.2448823474977069,73.98618064245431,0.2011456287235079,75.09705491288727,0.9705570553802747,1.0
paper_gate,TD3,2,3,110000,True,-1592.5012870354167,-1562.512320642108,12.036527177698694,0.8439588713267268,71.32072125625658,0.12981676374431386,75.48478929834528,0.9644513802245323,1.0
all_seeds,TD3,2,3,110000,True,-1592.5012870354167,-1562.512320642108,12.036527177698694,0.8439588713267268,71.32072125625658,0.12981676374431386,75.48478929834528,0.9644513802245323,1.0
80pct_seeds,TD3,2,3,100000,True,-1574.2957976761422,-1517.9142084296589,11.582345998890661,0.833761238527517,71.22765851517053,0.0527507761140882,72.89183892546791,0.9644784750535973,1.0
mean_only,TD3,2,3,100000,True,-1574.2957976761422,-1517.9142084296589,11.582345998890661,0.833761238527517,71.22765851517053,0.0527507761140882,72.89183892546791,0.9644784750535973,1.0
no_gate,TD3,2,3,100000,True,-1574.2957976761422,-1517.9142084296589,11.582345998890661,0.833761238527517,71.22765851517053,0.0527507761140882,72.89183892546791,0.9644784750535973,1.0
paper_gate,SAC,3,3,50000,True,-678.559615478953,-631.7221709758246,11.937550721257875,0.9468298220456406,71.17599081000876,0.1202884060701777,71.7975128787311,0.9642971023583934,1.0
all_seeds,SAC,3,3,50000,True,-678.559615478953,-631.7221709758246,11.937550721257875,0.9468298220456406,71.17599081000876,0.1202884060701777,71.7975128787311,0.9642971023583934,1.0
80pct_seeds,SAC,3,3,60000,True,-670.6735607125808,-622.9627100319296,11.821050260770685,0.8575602457873786,70.88056369210614,0.14740224537339305,71.9509880323835,0.9638609290173882,0.95
mean_only,SAC,3,3,110000,True,-626.211160946342,-582.2739376869785,11.671963293781875,0.7151710736607373,70.00458538547795,0.057177849628972065,71.59510951332274,0.9628181896754484,0.5
no_gate,SAC,3,3,110000,True,-626.211160946342,-582.2739376869785,11.671963293781875,0.7151710736607373,70.00458538547795,0.057177849628972065,71.59510951332274,0.9628181896754484,0.5
