pref_i,preference,seed,baseline,T_set,Cc_set,learned_G_total,classical_G_total,d_G_total,matched,d_extraction,p_wilcoxon_20seeds,learned_wins_pct
0,"[0.7, 0.1, 0.2]",2,PID,75.5,12.3,2.5812,2.4853,-0.0959,0,0.2071,0.0,95.0
0,"[0.7, 0.1, 0.2]",2,MPC,77.0,12.1,2.5812,2.5899,0.0087,1,-0.1273,0.0,0.0
0,"[0.7, 0.1, 0.2]",2,Fuzzy,75.5,12.3,2.5812,2.5,-0.0812,0,0.2018,0.0,95.0
0,"[0.7, 0.1, 0.2]",0,PID,75.5,12.3,2.5059,2.4853,-0.0207,1,0.1098,0.0,100.0
0,"[0.7, 0.1, 0.2]",0,MPC,75.5,12.5,2.5059,2.5024,-0.0036,1,0.1151,0.0,100.0
0,"[0.7, 0.1, 0.2]",0,Fuzzy,75.5,12.3,2.5059,2.5,-0.0059,1,0.1045,0.0,100.0
0,"[0.7, 0.1, 0.2]",1,PID,75.5,12.3,2.6158,2.4853,-0.1306,0,0.2447,0.0,100.0
0,"[0.7, 0.1, 0.2]",1,MPC,76.5,12.3,2.6158,2.6235,0.0077,1,-0.0126,0.2305,50.0
0,"[0.7, 0.1, 0.2]",1,Fuzzy,75.5,12.3,2.6158,2.5,-0.1158,0,0.2394,0.0,100.0
0,"[0.7, 0.1, 0.2]",3,PID,75.5,12.3,2.5731,2.4853,-0.0878,0,0.1502,0.0,100.0
0,"[0.7, 0.1, 0.2]",3,MPC,77.0,12.1,2.5731,2.5899,0.0169,1,-0.1842,0.0,0.0
0,"[0.7, 0.1, 0.2]",3,Fuzzy,75.5,12.3,2.5731,2.5,-0.0731,0,0.1449,0.0,100.0
0,"[0.7, 0.1, 0.2]",4,PID,75.5,12.3,2.5055,2.4853,-0.0202,1,0.0373,0.001,70.0
0,"[0.7, 0.1, 0.2]",4,MPC,75.5,12.5,2.5055,2.5024,-0.0031,1,0.0426,0.0002,80.0
0,"[0.7, 0.1, 0.2]",4,Fuzzy,75.5,12.3,2.5055,2.5,-0.0055,1,0.032,0.002,75.0
1,"[0.5, 0.3, 0.2]",0,PID,75.5,12.3,2.5295,2.4853,-0.0442,0,0.1012,0.0,100.0
1,"[0.5, 0.3, 0.2]",0,MPC,76.5,12.1,2.5295,2.5359,0.0064,1,-0.1621,0.0,0.0
1,"[0.5, 0.3, 0.2]",0,Fuzzy,75.5,12.3,2.5295,2.5,-0.0295,1,0.0958,0.0,100.0
1,"[0.5, 0.3, 0.2]",2,PID,75.5,12.1,2.3772,2.3836,0.0064,1,-0.2028,0.0,0.0
1,"[0.5, 0.3, 0.2]",2,MPC,74.5,12.5,2.3772,2.3997,0.0225,1,0.0597,0.0,100.0
1,"[0.5, 0.3, 0.2]",2,Fuzzy,74.5,12.3,2.3772,2.3883,0.0111,1,0.0278,0.0,90.0
1,"[0.5, 0.3, 0.2]",3,PID,74.5,12.5,2.3677,2.3702,0.0025,1,0.1694,0.0,100.0
1,"[0.5, 0.3, 0.2]",3,MPC,74.5,12.5,2.3677,2.3997,0.032,0,0.0736,0.0,90.0
1,"[0.5, 0.3, 0.2]",3,Fuzzy,74.5,12.5,2.3677,2.3636,-0.0041,1,0.1577,0.0,100.0
1,"[0.5, 0.3, 0.2]",1,PID,73.5,12.1,2.1811,2.182,0.0009,1,-0.0393,0.0484,30.0
1,"[0.5, 0.3, 0.2]",1,MPC,73.0,11.8,2.1811,2.1615,-0.0196,1,-0.005,0.8124,40.0
1,"[0.5, 0.3, 0.2]",1,Fuzzy,73.5,11.8,2.1811,2.1676,-0.0134,1,-0.0309,0.165,35.0
1,"[0.5, 0.3, 0.2]",4,PID,73.0,12.1,2.0057,2.1295,0.1238,0,-0.4376,0.0,0.0
1,"[0.5, 0.3, 0.2]",4,MPC,71.0,12.3,2.0057,2.039,0.0333,0,-0.0937,0.0,0.0
1,"[0.5, 0.3, 0.2]",4,Fuzzy,72.0,12.1,2.0057,2.0165,0.0108,1,-0.2134,0.0,0.0
2,"[0.34, 0.33, 0.33]",0,PID,73.0,12.1,2.0844,2.1295,0.0451,0,-0.394,0.0,0.0
2,"[0.34, 0.33, 0.33]",0,MPC,72.0,11.8,2.0844,2.0537,-0.0307,0,-0.2492,0.0,0.0
2,"[0.34, 0.33, 0.33]",0,Fuzzy,73.0,12.1,2.0844,2.1068,0.0224,1,-0.3827,0.0,0.0
2,"[0.34, 0.33, 0.33]",1,PID,73.0,12.1,1.9156,2.1295,0.2139,0,-0.4654,0.0,0.0
2,"[0.34, 0.33, 0.33]",1,MPC,71.0,11.8,1.9156,1.9469,0.0313,0,-0.1282,0.0,0.0
2,"[0.34, 0.33, 0.33]",1,Fuzzy,72.0,12.1,1.9156,2.0165,0.1009,0,-0.2412,0.0,0.0
2,"[0.34, 0.33, 0.33]",2,PID,73.0,12.1,1.9786,2.1295,0.1509,0,-0.3961,0.0,0.0
2,"[0.34, 0.33, 0.33]",2,MPC,71.0,12.1,1.9786,1.9532,-0.0254,1,-0.0574,0.0,0.0
2,"[0.34, 0.33, 0.33]",2,Fuzzy,72.0,12.1,1.9786,2.0165,0.0379,0,-0.1719,0.0,0.0
2,"[0.34, 0.33, 0.33]",3,PID,73.0,12.1,2.0709,2.1295,0.0586,0,-0.2732,0.0,0.0
2,"[0.34, 0.33, 0.33]",3,MPC,72.0,11.8,2.0709,2.0537,-0.0172,1,-0.1284,0.0,0.0
2,"[0.34, 0.33, 0.33]",3,Fuzzy,73.0,12.1,2.0709,2.1068,0.0359,0,-0.2619,0.0,0.0
2,"[0.34, 0.33, 0.33]",4,PID,73.0,12.1,2.0142,2.1295,0.1154,0,-0.4097,0.0,0.0
2,"[0.34, 0.33, 0.33]",4,MPC,71.0,12.3,2.0142,2.039,0.0249,1,-0.0659,0.0,0.0
2,"[0.34, 0.33, 0.33]",4,Fuzzy,72.0,12.1,2.0142,2.0165,0.0023,1,-0.1855,0.0,0.0
3,"[0.2, 0.6, 0.2]",0,PID,73.0,12.1,2.0316,2.1295,0.098,0,-0.3761,0.0,0.0
3,"[0.2, 0.6, 0.2]",0,MPC,71.0,12.3,2.0316,2.039,0.0075,1,-0.0323,0.0,0.0
3,"[0.2, 0.6, 0.2]",0,Fuzzy,72.0,11.8,2.0316,2.0231,-0.0085,1,-0.1524,0.0,0.0
3,"[0.2, 0.6, 0.2]",2,PID,73.0,12.1,1.941,2.1295,0.1885,0,-0.4629,0.0,0.0
3,"[0.2, 0.6, 0.2]",2,MPC,71.0,11.8,1.941,1.9469,0.0059,1,-0.1256,0.0,0.0
3,"[0.2, 0.6, 0.2]",2,Fuzzy,72.0,12.1,1.941,2.0165,0.0755,0,-0.2387,0.0,0.0
3,"[0.2, 0.6, 0.2]",1,PID,73.0,12.1,1.8743,2.1295,0.2553,0,-0.4836,0.0,0.0
3,"[0.2, 0.6, 0.2]",1,MPC,71.0,11.8,1.8743,1.9469,0.0726,0,-0.1463,0.0,0.0
3,"[0.2, 0.6, 0.2]",1,Fuzzy,72.0,12.1,1.8743,2.0165,0.1422,0,-0.2594,0.0,0.0
3,"[0.2, 0.6, 0.2]",3,PID,73.0,12.1,2.0497,2.1295,0.0798,0,-0.3558,0.0,0.0
3,"[0.2, 0.6, 0.2]",3,MPC,71.0,12.5,2.0497,2.0514,0.0016,1,0.2681,0.0,100.0
3,"[0.2, 0.6, 0.2]",3,Fuzzy,72.0,11.8,2.0497,2.0231,-0.0267,1,-0.1321,0.0,0.0
3,"[0.2, 0.6, 0.2]",4,PID,73.0,12.1,2.0218,2.1295,0.1077,0,-0.4222,0.0,0.0
3,"[0.2, 0.6, 0.2]",4,MPC,71.0,12.3,2.0218,2.039,0.0172,1,-0.0784,0.0,0.0
3,"[0.2, 0.6, 0.2]",4,Fuzzy,72.0,11.8,2.0218,2.0231,0.0013,1,-0.1985,0.0,0.0
4,"[0.2, 0.2, 0.6]",0,PID,73.0,12.1,2.0811,2.1295,0.0484,0,-0.4308,0.0,0.0
4,"[0.2, 0.2, 0.6]",0,MPC,72.0,11.8,2.0811,2.0537,-0.0274,1,-0.286,0.0,0.0
4,"[0.2, 0.2, 0.6]",0,Fuzzy,73.0,12.1,2.0811,2.1068,0.0257,1,-0.4195,0.0,0.0
4,"[0.2, 0.2, 0.6]",1,PID,73.0,12.1,2.0914,2.1295,0.0381,0,-0.4325,0.0,0.0
4,"[0.2, 0.2, 0.6]",1,MPC,72.0,11.8,2.0914,2.0537,-0.0377,0,-0.2877,0.0,0.0
4,"[0.2, 0.2, 0.6]",1,Fuzzy,73.0,12.1,2.0914,2.1068,0.0154,1,-0.4212,0.0,0.0
4,"[0.2, 0.2, 0.6]",2,PID,73.0,12.1,2.093,2.1295,0.0366,0,-0.4224,0.0,0.0
4,"[0.2, 0.2, 0.6]",2,MPC,72.0,11.8,2.093,2.0537,-0.0393,0,-0.2776,0.0,0.0
4,"[0.2, 0.2, 0.6]",2,Fuzzy,73.0,12.1,2.093,2.1068,0.0138,1,-0.4111,0.0,0.0
4,"[0.2, 0.2, 0.6]",3,PID,73.0,12.1,2.041,2.1295,0.0886,0,-0.3444,0.0,0.0
4,"[0.2, 0.2, 0.6]",3,MPC,71.0,12.3,2.041,2.039,-0.0019,1,-0.0005,0.8695,55.0
4,"[0.2, 0.2, 0.6]",3,Fuzzy,72.0,11.8,2.041,2.0231,-0.0179,1,-0.1207,0.0003,10.0
4,"[0.2, 0.2, 0.6]",4,PID,73.0,12.1,2.0325,2.1295,0.097,0,-0.4618,0.0,0.0
4,"[0.2, 0.2, 0.6]",4,MPC,71.0,12.3,2.0325,2.039,0.0065,1,-0.1179,0.0,0.0
4,"[0.2, 0.2, 0.6]",4,Fuzzy,72.0,11.8,2.0325,2.0231,-0.0095,1,-0.238,0.0,0.0
5,"[0.29, 0.51, 0.2]",0,PID,73.0,12.1,1.9604,2.1295,0.1691,0,-0.4863,0.0,0.0
5,"[0.29, 0.51, 0.2]",0,MPC,71.0,12.1,1.9604,1.9532,-0.0072,1,-0.1475,0.0,0.0
5,"[0.29, 0.51, 0.2]",0,Fuzzy,72.0,12.1,1.9604,2.0165,0.056,0,-0.2621,0.0,0.0
5,"[0.29, 0.51, 0.2]",1,PID,73.0,12.1,2.1077,2.1295,0.0219,1,-0.4185,0.0,0.0
5,"[0.29, 0.51, 0.2]",1,MPC,72.0,12.5,2.1077,2.1488,0.0411,0,-0.0409,0.0,0.0
5,"[0.29, 0.51, 0.2]",1,Fuzzy,73.0,12.1,2.1077,2.1068,-0.0009,1,-0.4072,0.0,0.0
5,"[0.29, 0.51, 0.2]",2,PID,73.0,12.1,1.9586,2.1295,0.171,0,-0.458,0.0,0.0
5,"[0.29, 0.51, 0.2]",2,MPC,71.0,12.1,1.9586,1.9532,-0.0054,1,-0.1193,0.0,0.0
5,"[0.29, 0.51, 0.2]",2,Fuzzy,72.0,12.1,1.9586,2.0165,0.0579,0,-0.2338,0.0,0.0
5,"[0.29, 0.51, 0.2]",3,PID,73.0,12.1,1.9462,2.1295,0.1834,0,-0.4324,0.0,0.0
5,"[0.29, 0.51, 0.2]",3,MPC,71.0,11.8,1.9462,1.9469,0.0007,1,-0.0952,0.0,0.0
5,"[0.29, 0.51, 0.2]",3,Fuzzy,72.0,12.1,1.9462,2.0165,0.0703,0,-0.2082,0.0,0.0
5,"[0.29, 0.51, 0.2]",4,PID,73.0,12.1,1.9737,2.1295,0.1559,0,-0.4341,0.0,0.0
5,"[0.29, 0.51, 0.2]",4,MPC,71.0,12.1,1.9737,1.9532,-0.0205,1,-0.0953,0.0,0.0
5,"[0.29, 0.51, 0.2]",4,Fuzzy,72.0,12.1,1.9737,2.0165,0.0428,0,-0.2098,0.0,0.0
