pref_i,preference,baseline,n_seeds,d_extraction_mean,d_extraction_sd,d_G_total_mean,all_matched,seeds_learned_ahead,p_wilcoxon_5seeds
0,"[0.7, 0.1, 0.2]",PID,5,0.1498,0.0815,-0.071,0,5,0.0625
0,"[0.7, 0.1, 0.2]",MPC,5,-0.0333,0.1223,0.0053,1,2,0.625
0,"[0.7, 0.1, 0.2]",Fuzzy,5,0.1445,0.0815,-0.0563,0,5,0.0625
1,"[0.5, 0.3, 0.2]",PID,5,-0.0818,0.2448,0.0179,0,2,0.625
1,"[0.5, 0.3, 0.2]",MPC,5,-0.0255,0.101,0.0149,0,2,0.625
1,"[0.5, 0.3, 0.2]",Fuzzy,5,0.0074,0.1423,-0.005,1,3,1.0
2,"[0.34, 0.33, 0.33]",PID,5,-0.3877,0.0703,0.1168,0,0,0.0625
2,"[0.34, 0.33, 0.33]",MPC,5,-0.1258,0.0767,-0.0034,0,0,0.0625
2,"[0.34, 0.33, 0.33]",Fuzzy,5,-0.2486,0.0838,0.0399,0,0,0.0625
3,"[0.2, 0.6, 0.2]",PID,5,-0.4201,0.0546,0.1459,0,0,0.0625
3,"[0.2, 0.6, 0.2]",MPC,5,-0.0229,0.1685,0.021,0,1,0.625
3,"[0.2, 0.6, 0.2]",Fuzzy,5,-0.1962,0.0544,0.0368,0,0,0.0625
4,"[0.2, 0.2, 0.6]",PID,5,-0.4184,0.044,0.0617,0,0,0.0625
4,"[0.2, 0.2, 0.6]",MPC,5,-0.1939,0.1299,-0.02,0,0,0.0625
4,"[0.2, 0.2, 0.6]",Fuzzy,5,-0.3221,0.1368,0.0055,1,0,0.0625
5,"[0.29, 0.51, 0.2]",PID,5,-0.4459,0.0267,0.1403,0,0,0.0625
5,"[0.29, 0.51, 0.2]",MPC,5,-0.0996,0.0393,0.0017,0,0,0.0625
5,"[0.29, 0.51, 0.2]",Fuzzy,5,-0.2642,0.0829,0.0452,0,0,0.0625
