algo,pref_i,seed,ckpt,any_safe,val_score,test_score,selection_bias,test_score_std,safe_frac_test,Cc,Gp,T12,T_std,T_max,extraction
SAC,0,0,150000,True,-3103.8699201500995,-3076.0227850176475,-27.847135132451967,108.45742887180384,1.0,11.863708591924457,1.373268443429659,76.11245936766724,0.04251059570953615,77.49959337077394,0.975124922982093
SAC,0,1,140000,True,-3085.282408715911,-3060.1817451618294,-25.10066355408162,102.88866227431633,1.0,12.007724619006572,1.489545365620875,76.70090884136133,0.0659802760757644,77.92560674818765,0.9762477376606394
SAC,0,2,90000,True,-3077.0685397754164,-3050.76183522687,-26.30670454854635,91.4313343875816,1.0,11.931163823720732,1.4306986638454944,76.56508693920266,0.12028123893041132,77.76651903180618,0.9758326778698928
SAC,0,3,150000,True,-3098.580943225486,-3078.2656008802915,-20.315342345194495,86.00497659651994,1.0,11.966038419361494,1.434237332698486,76.2034444353962,0.060428026414897876,77.28301492341589,0.97541953863237
SAC,0,4,140000,True,-3081.7190773969137,-3058.9568470690933,-22.76223032782036,100.62954064182753,1.0,11.964073473994166,1.3458737822809543,75.68141351353812,0.11622911016651052,77.18504443348631,0.973968266421666
SAC,1,0,90000,True,-2260.4518391086335,-2224.5708450369075,-35.880994071726036,152.32496878524813,1.0,11.827532926129852,1.390714620966382,76.03181809743695,0.050332065100005915,76.87994517604098,0.9750236045702257
SAC,1,1,90000,True,-2300.041389113371,-2263.377333472662,-36.66405564070919,143.40429510777074,1.0,11.665444883105904,1.0635968402128948,73.54204076800286,0.05423595587106789,77.59279471014962,0.9692439064258442
SAC,1,2,130000,True,-2300.114854628492,-2264.7652794914807,-35.34957513701147,152.2763172310556,1.0,11.910241346943849,0.9466659773351432,72.43064671589387,0.239667382141652,77.29113780066807,0.9666005522008426
SAC,1,3,140000,True,-2270.5495410809053,-2234.6230393155,-35.92650176540519,154.81611806582941,1.0,11.673459762554154,0.29771240950977945,73.09327863443738,0.75280027253817,77.26368366934491,0.9653968506385209
SAC,1,4,130000,True,-2427.891496130827,-2394.6185853571833,-33.272910773643616,145.2467315916646,1.0,11.602969425221033,0.8836264281195838,71.47087822255152,0.03382487347977786,74.70991208045123,0.9649452482450371
SAC,2,0,90000,True,-1563.5248189599465,-1532.2164622930604,-31.308356666886084,139.15404304776789,1.0,11.806180061667863,0.9607225950355733,71.30789973772002,0.10079587124244127,72.28942517908493,0.9645827579831538
SAC,2,1,90000,True,-1561.1235150253483,-1529.3463454104385,-31.77716961490978,142.3286089876229,1.0,11.729214142450717,0.9647064483356779,71.88992692175898,0.06472746184888141,73.87002130762431,0.9657180478580688
SAC,2,2,140000,True,-1557.9470394990442,-1525.634608215198,-32.31243128384608,141.90115483037889,1.0,11.65482825391778,0.8500227880220386,71.13823452535662,0.05522089651152871,71.98498967152216,0.9643801473123663
SAC,2,3,120000,True,-1557.477242922134,-1526.3468426981096,-31.13040022402447,141.77549994676713,0.9,11.713138508001983,0.892304624317298,70.73964732974144,0.06842146878710617,72.76015622469183,0.9638897009051004
SAC,2,4,110000,True,-1554.314368762034,-1523.078844137968,-31.2355246240661,135.9080860244373,1.0,11.842464176529697,0.9100926119742867,70.89789444997072,0.029300906874288983,72.60133848866026,0.9639336858330786
SAC,3,0,80000,True,-646.5993336570552,-598.1096052202271,-48.48972843682816,206.0567427348692,1.0,11.69466708032916,0.893596418638355,71.09685382307255,0.06920265538976213,71.78603027527711,0.9642949327528643
SAC,3,1,50000,True,-650.0811176543556,-603.9775089948959,-46.103608659459724,208.23872164871335,1.0,11.808184456955118,0.8907934585322466,70.70143608904507,0.04826126232397927,72.38790610553528,0.9636141272667359
SAC,3,2,90000,True,-665.9488999825019,-614.8606103965162,-51.08828958598565,194.86048976937997,1.0,11.964752509817021,0.9488112391057777,70.99842324784056,0.051050996538805585,72.186112311335,0.9641741424996007
SAC,3,3,50000,True,-678.559615478953,-631.7221709758246,-46.83744450312838,201.22640954635443,1.0,11.937550721257875,0.9468298220456406,71.17599081000876,0.1202884060701777,71.7975128787311,0.9642971023583934
SAC,3,4,100000,True,-645.8927833533409,-600.7818442402346,-45.11093911310627,199.39045641198877,1.0,11.897038922991475,0.9026492205236423,70.87533244193341,0.017799334694457856,72.74390955434595,0.9639150051928927
SAC,4,0,140000,True,-857.4582325461927,-834.3484924092369,-23.109740136955793,94.7334310843687,1.0,12.183782256867863,0.9539519677237036,70.79851045323934,0.037662347826140065,72.10066907540647,0.9637919203214945
SAC,4,1,90000,True,-844.6027795319105,-823.0166474656207,-21.586132066289792,94.30089905985884,1.0,12.366540535327264,1.038837550805513,70.79297784314267,0.047064690316724896,73.36652763499134,0.9637827239379982
SAC,4,2,150000,True,-852.1550691107643,-828.7049164661375,-23.45015264462677,93.09770437596596,1.0,12.215247583203453,0.9878515383476529,70.83460913110812,0.030312040691683622,71.81047264994604,0.9638960629717147
SAC,4,3,120000,True,-857.0449063874546,-837.9399219274949,-19.104984459959724,111.17058314770624,1.0,11.972020743026992,0.9931142835060547,71.41921804876064,0.10198095526307267,73.84616131322443,0.9649505763305181
SAC,4,4,130000,True,-846.795909119122,-825.5058766346498,-21.29003248447225,90.2818549822315,1.0,12.316353185051192,1.0012547305011203,70.54216601949824,0.052562421164933634,73.00152933340847,0.9634591127663052
SAC,5,0,90000,True,-1142.0791172478168,-1139.0012906963777,-3.0778265514391023,3.439566660716011,1.0,11.907059256758782,0.9331849640912623,70.90350090985092,0.03093671111678479,71.54516910573668,0.9639578477582706
SAC,5,1,150000,True,-1150.9643558628798,-1148.2453515651737,-2.7190042977060784,3.3518001332991134,1.0,12.188872478402313,1.0736863553387423,70.87814374427228,0.060480677787685,71.5449552932083,0.9639086389098768
SAC,5,2,120000,True,-1147.4347818696037,-1148.1586039522676,0.7238220826639008,4.437417836830188,1.0,11.773202256357447,0.8353094305624469,70.5449316624013,0.022200544485285943,72.35456528070581,0.9634556305783656
SAC,5,3,150000,True,-1112.4174795235954,-1112.3183371677994,-0.09914235579594788,1.3425619290712645,1.0,11.590105442832614,0.8163660965984235,70.72617137279875,0.03910172177922726,71.77713590384421,0.9637119941613859
SAC,5,4,120000,True,-1110.0298204455203,-1104.298371389404,-5.731449056116162,7.447482073899537,1.0,11.517463769358315,0.7482718444151615,70.32479408422226,0.07824603853142233,71.07977197992992,0.9631944345505528
TD3,2,0,130000,True,-1590.8430827448262,-1561.0797589898982,-29.763323754928024,135.1112317772426,1.0,12.48199437743069,1.2448823474977069,73.98618064245431,0.2011456287235079,75.09705491288727,0.9705570553802747
TD3,2,1,150000,True,-1551.7897577336862,-1519.3460722787847,-32.44368545490147,145.90036407257557,1.0,11.553145595149498,0.926247556244179,72.0752295846395,0.07273215325629859,73.78428426054445,0.9660675972357244
TD3,2,2,80000,True,-1588.495405230975,-1556.6524852295674,-31.842920001407492,117.92795876556877,1.0,12.255843017988003,0.997903537122602,70.63375924167643,0.04029024020689717,72.22116830764234,0.9636005001155727
TD3,2,3,110000,True,-1592.5012870354167,-1562.512320642108,-29.9889663933086,143.6001047354112,1.0,12.036527177698694,0.8439588713267268,71.32072125625658,0.12981676374431386,75.48478929834528,0.9644513802245323
TD3,2,4,100000,True,-1567.8341966835935,-1529.025555364856,-38.8086413187375,146.2109740930951,1.0,11.676504611793703,0.8461854612186082,71.75475962793716,0.05376467890002059,75.59027665154306,0.9652064718981006
PPO,2,0,90000,False,-2110.641198067323,-2015.2549167178945,-95.38628134942837,182.53118275961762,0.95,12.246156987111718,1.3111642706864146,74.87389880681602,0.013508618470457857,75.100886886268,0.972278791064331
PPO,2,1,120000,True,-2173.0236206480627,-2093.493052790551,-79.53056785751187,136.0706229271603,1.0,12.534302554656133,1.4216370753047138,75.3256407816333,0.0221067418166837,76.64421584644398,0.9715750502757954
PPO,2,2,30000,True,-1957.5466332077317,-1906.456170205594,-51.09046300213777,190.52030029326198,1.0,12.12111394094924,1.2212253696843762,73.97314168073719,0.009367867420477068,74.6810525599964,0.9703242992176889
PPO,2,3,60000,True,-1867.2466111329638,-1818.7694799021137,-48.47713123085009,200.17601947527564,1.0,11.966670602417697,1.2321576581125961,74.42235951420912,0.009030074553934148,74.9673752869927,0.9713825362504476
PPO,2,4,100000,True,-1988.0078801899356,-1937.1011997415535,-50.906680448382076,146.92656093820926,1.0,12.263440459843677,1.3068587798838407,74.72274371351716,0.020918409415620377,76.26057895655366,0.9720742106974807
