scenario,controller,seed,peak_excursion,peak_dev,t_out_pct,left_window,cc_drop,settle_dev,recovery_steps,T_min,T_max
quality,MORL-SAC run4,200,0.0,3.0972523143201727,0.0,0,0.5034960308577165,0.6998007133207853,nan,70.6748748727032,76.59725231432017
quality,MORL-SAC run4,201,0.0,3.8359257889252234,0.0,0,0.48399159490433874,0.6668828208055182,nan,70.80753428260749,77.33592578892522
quality,MORL-SAC run4,202,0.0,1.533846437609597,0.0,0,0.5382697955303968,0.6202064216526129,nan,71.9661535623904,74.81949549874294
quality,MORL-SAC run4,203,0.0,3.187043135391434,0.0,0,0.4772918641145534,0.7012995647511222,nan,70.65463616628348,76.68704313539143
quality,MORL-SAC run4,204,0.0,3.901673593310278,0.0,0,0.4861590187589133,0.8957811616548603,nan,70.64953077802387,77.40167359331028
quality,MORL-SAC run4,205,0.0,2.5643383968063063,0.0,0,0.50258222940462,0.75926692717638,nan,70.94221441009746,76.0643383968063
quality,MORL-SAC run4,206,0.0,2.8920424482222558,0.0,0,0.5365007838761269,0.646598151129707,nan,70.60795755177774,74.72132489718301
quality,MORL-SAC run4,207,0.0,2.0989011724464604,0.0,0,0.5742988245457123,0.5202481226928394,nan,71.40109882755354,74.33191519827334
quality,MORL-SAC run4,208,0.0,2.7267087683513864,0.0,0,0.4961807986528992,0.5596454169590563,nan,70.77329123164861,75.76960024841544
quality,MORL-SAC run4,209,0.0,2.6586292339427473,0.0,0,0.6226767578864205,0.7322283744928306,nan,70.85385197397852,76.15862923394275
quality,MORL-SAC run4,210,0.0,2.7494103442249553,0.0,0,0.5175125991522052,0.5647643935782088,nan,70.75058965577504,75.49436370677435
quality,MORL-SAC run4,211,0.0,2.8766092493335833,0.0,0,0.5373676150894351,0.5059933251883095,nan,70.62339075066642,74.55145542225377
quality,MORL-SAC run4,212,0.0,2.624440726191466,0.0,0,0.5198511533132315,0.7143163187436994,nan,71.12149898687747,76.12444072619147
quality,MORL-SAC run4,213,0.0,2.9474539056069204,0.0,0,0.5310463843948217,0.7232122612078645,nan,70.78929073929312,76.44745390560692
quality,MORL-SAC run4,214,0.0,2.90217428079103,0.0,0,0.5048182443579741,0.5579417876644818,nan,70.59782571920897,75.1320465947109
quality,MORL-SAC run4,215,0.0,3.304594387455438,0.0,0,0.5256205366558167,0.8193369046858359,nan,70.60476908228047,76.80459438745544
quality,MORL-SAC run4,216,0.0,4.115988656370121,0.0,0,0.5613958402785482,0.851911044466489,nan,71.09701452251696,77.61598865637012
quality,MORL-SAC run4,217,0.0,2.4661722903999816,0.0,0,0.5924528517545458,0.6596453130984633,nan,71.03382770960002,75.1004132362696
quality,MORL-SAC run4,218,0.0,2.762176087068738,0.0,0,0.49427164732132844,0.7780520034326763,nan,70.81935560348452,76.26217608706874
quality,MORL-SAC run4,219,0.0,2.8459661284467046,0.0,0,0.49287860043460086,0.5688692310536676,nan,70.6540338715533,75.30729851773627
quality,MORL-SAC run2,200,0.0,3.615218934357941,0.0,0,1.3116084082554806,1.0027363591428948,nan,71.09888460360577,77.11521893435794
quality,MORL-SAC run2,201,0.0,3.5126370904079636,0.0,0,1.3356979467616767,0.9519097560270878,nan,71.06763817312181,77.01263709040796
quality,MORL-SAC run2,202,0.0,3.103456678908387,0.0,0,1.1756017859720682,1.0580964970641464,nan,71.18523943878425,76.60345667890839
quality,MORL-SAC run2,203,0.0,3.4780673872176777,0.0,0,1.3528367250186424,0.9353991128593232,nan,71.19225665517087,76.97806738721768
quality,MORL-SAC run2,204,0.0,3.423450886485952,0.0,0,1.3732964623237969,0.900837092868507,nan,71.14686620205696,76.92345088648595
quality,MORL-SAC run2,205,0.0,3.4316723400297633,0.0,0,1.283289108913431,1.0616935470872002,nan,70.98713886549288,76.93167234002976
quality,MORL-SAC run2,206,0.0,3.274451436602675,0.0,0,1.1952731881933936,1.0964707842833645,nan,71.25287171252835,76.77445143660267
quality,MORL-SAC run2,207,0.0,2.456927287215578,0.0,0,1.0135853415216722,1.1580799078166168,nan,71.04307271278442,75.25231334047038
quality,MORL-SAC run2,208,0.0,3.520000792439191,0.0,0,1.246955393094927,1.0436505281185133,nan,71.03567024786143,77.02000079243919
quality,MORL-SAC run2,209,0.0,3.4803005956503625,0.0,0,1.241604942139622,1.077818201188641,nan,70.97846965791271,76.98030059565036
quality,MORL-SAC run2,210,0.0,3.4489088157934304,0.0,0,1.2334385443603644,1.0557942253277848,nan,70.99911493060307,76.94890881579343
quality,MORL-SAC run2,211,0.0,2.763047367687207,0.0,0,1.152846876424217,1.0435857552534036,nan,71.10247978434649,76.26304736768721
quality,MORL-SAC run2,212,0.0,3.5187178224955744,0.0,0,1.288456433314721,1.051183093432436,nan,70.97120745909463,77.01871782249557
quality,MORL-SAC run2,213,0.0,3.5673759687612687,0.0,0,1.3156986971158773,1.0257618160033992,nan,70.89364736290815,77.06737596876127
quality,MORL-SAC run2,214,0.0,3.4429542962368487,0.0,0,1.2401132513452513,1.0518807992509727,nan,71.04164892247495,76.94295429623685
quality,MORL-SAC run2,215,0.0,3.5720895105371397,0.0,0,1.350802771830617,0.985100325019697,nan,71.07852280397657,77.07208951053714
quality,MORL-SAC run2,216,0.0,3.4689389109364583,0.0,0,1.310724011796049,0.9869394789552074,nan,70.92641269334197,76.96893891093646
quality,MORL-SAC run2,217,0.0,3.082405650882947,0.0,0,1.1632014174777812,1.1473554623342834,nan,71.03487837321782,76.58240565088295
quality,MORL-SAC run2,218,0.0,3.6215865742784814,0.0,0,1.3225993274704955,0.980403364618262,nan,71.18374145236584,77.12158657427848
quality,MORL-SAC run2,219,0.0,3.5617861268374895,0.0,0,1.242758995532947,1.061080158278895,nan,71.05256117177109,77.06178612683749
quality,MORL-SAC run3,200,0.0,2.4399713645838403,0.0,0,0.4967645076877911,0.8499328150938676,nan,71.06002863541616,73.42982733807608
quality,MORL-SAC run3,201,0.0,2.3361864088605273,0.0,0,0.5549776423250616,0.7599242265574627,nan,71.16381359113947,73.5578401432539
quality,MORL-SAC run3,202,0.0,1.2077772739981043,0.0,0,0.47328386316193694,0.8912345610335823,nan,72.2922227260019,72.84883372122368
quality,MORL-SAC run3,203,0.0,2.4149856949555755,0.0,0,0.4975361180738531,0.834611018185483,nan,71.08501430504442,73.45763493488583
quality,MORL-SAC run3,204,0.0,2.430915841440253,0.0,0,0.4941371752143606,0.8236390345235335,nan,71.06908415855975,73.61635317733969
quality,MORL-SAC run3,205,0.0,2.2415587611113637,0.0,0,0.4922690251681576,0.8371998131451759,nan,71.25844123888864,73.22729785577961
quality,MORL-SAC run3,206,0.0,2.441913215591754,0.0,0,0.5078967517996507,0.8349542684159796,nan,71.05808678440825,73.43737086478693
quality,MORL-SAC run3,207,0.0,1.8819553153346789,0.0,0,0.48873508244172825,0.8603766533009525,nan,71.61804468466532,73.35477309433345
quality,MORL-SAC run3,208,0.0,2.3606453180823763,0.0,0,0.4989983701403542,0.8176640420340329,nan,71.13935468191762,73.3029289337464
quality,MORL-SAC run3,209,0.0,2.2754515394584445,0.0,0,0.4946329193482555,0.8723638687501708,nan,71.22454846054156,73.27972137785316
quality,MORL-SAC run3,210,0.0,2.4597518310369395,0.0,0,0.5033231589269924,0.7999305355086708,nan,71.04024816896306,73.4419166973888
quality,MORL-SAC run3,211,0.0,2.4411601283865423,0.0,0,0.5048415866041669,0.8121880134784687,nan,71.05883987161346,73.30004195837255
quality,MORL-SAC run3,212,0.0,2.1214593056246116,0.0,0,0.48446346498096915,0.8596356795225506,nan,71.37854069437539,73.22103486208457
quality,MORL-SAC run3,213,0.0,2.313377581936578,0.0,0,0.497438529400144,0.8459128628646594,nan,71.18662241806342,73.25111931301714
quality,MORL-SAC run3,214,0.0,2.440629449673139,0.0,0,0.5008180925300536,0.8141672934643494,nan,71.05937055032686,73.44280820260725
quality,MORL-SAC run3,215,0.0,2.4342663197305257,0.0,0,0.4981067688972143,0.842512130393757,nan,71.06573368026947,73.32016291695831
quality,MORL-SAC run3,216,0.0,2.0391904621962595,0.0,0,0.5005245953516457,0.8000652066547536,nan,71.46080953780374,73.24161107855073
quality,MORL-SAC run3,217,0.0,2.110725767648134,0.0,0,0.5026997497904997,0.8219340288288699,nan,71.38927423235187,73.26386006308198
quality,MORL-SAC run3,218,0.0,1.9758468879873021,0.0,0,0.49321527069365523,0.8027051001020635,nan,71.5241531120127,73.43331961999723
quality,MORL-SAC run3,219,0.0,2.4303238265109997,0.0,0,0.501620347349375,0.8179064169775763,nan,71.069676173489,73.33057430172659
quality,MORL-SAC run1,200,0.0,3.4427486757353023,0.0,0,0.5755975126709725,1.6485565198981216,nan,70.0572513242647,72.99474147964153
quality,MORL-SAC run1,201,0.0,3.250162739482107,0.0,0,0.6990057205628197,1.128106445218128,nan,70.2498372605179,73.15534641918205
quality,MORL-SAC run1,202,0.04972920145721105,3.549729201457211,4.25,1,0.673816836088676,1.809698637426506,800.0,69.95027079854279,72.56760335430316
quality,MORL-SAC run1,203,0.0,3.4134276755076627,0.0,0,0.5809019847784249,1.5419469042272924,nan,70.08657232449234,72.97108184748541
quality,MORL-SAC run1,204,0.017117397767293596,3.5171173977672936,2.5,1,0.5629269045289416,1.498490625416621,800.0,69.9828826022327,73.03930093525942
quality,MORL-SAC run1,205,0.0,3.444833163718002,0.0,0,0.6125023480808895,1.6682635993379964,nan,70.055166836282,73.01330706983744
quality,MORL-SAC run1,206,0.0,3.4245601052952708,0.0,0,0.6348872970073085,1.6518829945998887,nan,70.07543989470473,72.6827077762788
quality,MORL-SAC run1,207,0.0228750595355649,3.522875059535565,1.0,1,0.6192712637304929,1.7612067664578428,800.0,69.97712494046444,72.82354560844396
quality,MORL-SAC run1,208,0.03674076485002331,3.5367407648500233,2.25,1,0.6794609769697377,1.6891908774152116,773.0,69.96325923514998,72.94038733155969
quality,MORL-SAC run1,209,0.0,3.35859770723647,0.0,0,0.595068068873223,1.7126212159664063,nan,70.14140229276353,73.0069637019967
quality,MORL-SAC run1,210,0.0,3.3605021049162787,0.0,0,0.5903657712038157,1.4262128950940565,nan,70.13949789508372,72.76839835314684
quality,MORL-SAC run1,211,0.004833732204289731,3.5048337322042897,0.125,1,0.6268724439311324,1.6319458437775938,800.0,69.99516626779571,72.78051246075351
quality,MORL-SAC run1,212,0.0,3.4553393785495814,0.0,0,0.5724081113875474,1.6767690471722385,nan,70.04466062145042,73.00467825010793
quality,MORL-SAC run1,213,0.084312910559035,3.584312910559035,3.375,1,0.5998164899647058,1.5992602177331232,743.0,69.91568708944096,73.11910906099384
quality,MORL-SAC run1,214,0.0,3.4747826238526756,0.0,0,0.6388932912332148,1.5678440140670873,nan,70.02521737614732,72.70403905909868
quality,MORL-SAC run1,215,0.0,3.389750807439242,0.0,0,0.5932696598033793,1.5982528997189858,nan,70.11024919256076,73.04995434532285
quality,MORL-SAC run1,216,0.13285759764268334,3.6328575976426833,4.5,1,0.6227053346743094,1.4140513877800678,800.0,69.86714240235732,73.2639441706921
quality,MORL-SAC run1,217,0.15017209988670288,3.650172099886703,7.124999999999999,1,0.6256984734377067,1.5328846564994034,800.0,69.8498279001133,72.66317400039651
quality,MORL-SAC run1,218,0.0,3.4077945547771975,0.0,0,0.6463863408088155,1.551327361082453,nan,70.0922054452228,72.91554202883128
quality,MORL-SAC run1,219,0.04429401826318724,3.5442940182631872,3.25,1,0.6091003434657711,1.6110594304827943,800.0,69.95570598173681,72.86061324690311
quality,MORL-SAC run0,200,4.012060040115642,7.512060040115642,34.875,1,0.38006493164931854,3.369861542946345,800.0,65.98793995988436,72.02869127545036
quality,MORL-SAC run0,201,5.8376880001886775,9.337688000188678,41.5,1,0.37220992749713133,4.131542152003396,800.0,64.16231199981132,72.05597061947765
quality,MORL-SAC run0,202,4.601153038558138,8.101153038558138,25.5,1,0.3777311692474967,3.283935411235555,800.0,65.39884696144186,72.06467159182617
quality,MORL-SAC run0,203,4.328978953026166,7.828978953026166,33.875,1,0.370646470425374,3.4703990822307054,800.0,65.67102104697383,72.15132304829503
quality,MORL-SAC run0,204,4.869099497171106,8.369099497171106,28.499999999999996,1,0.37203506936821995,3.60092321998751,800.0,65.1309005028289,72.16065278282308
quality,MORL-SAC run0,205,4.323243445128796,7.823243445128796,33.0,1,0.3736729037001787,3.411225577472193,800.0,65.6767565548712,72.07089812027479
quality,MORL-SAC run0,206,4.382290336169362,7.882290336169362,37.5,1,0.3820757290464183,3.461698147089368,800.0,65.61770966383064,72.18597949827756
quality,MORL-SAC run0,207,3.8525881220420786,7.352588122042079,34.125,1,0.39492977938241225,3.0815196785425543,800.0,66.14741187795792,72.24147030422802
quality,MORL-SAC run0,208,4.977711088873548,8.477711088873548,39.5,1,0.38372054980674974,3.464936988293403,800.0,65.02228891112645,72.05789218775574
quality,MORL-SAC run0,209,1.8125072348370566,5.312507234837057,33.875,1,0.3807589880795703,2.9751662583518903,800.0,68.18749276516294,72.02129730290912
quality,MORL-SAC run0,210,5.564583467334913,9.064583467334913,32.75,1,0.38114179378785273,3.7875555466228654,800.0,64.43541653266509,72.03656803690608
quality,MORL-SAC run0,211,5.141366693254483,8.641366693254483,37.875,1,0.3854282857149922,3.579142803318148,800.0,64.85863330674552,71.96799713475653
quality,MORL-SAC run0,212,3.875373844125704,7.375373844125704,31.874999999999996,1,0.3782407467897304,3.263905058455565,800.0,66.1246261558743,72.08956385181901
quality,MORL-SAC run0,213,4.048506165163701,7.548506165163701,37.625,1,0.38275784455913,3.5868128576261014,800.0,65.9514938348363,72.03325865616748
quality,MORL-SAC run0,214,5.075785209410313,8.575785209410313,39.875,1,0.3759623733939659,3.5594838898806485,800.0,64.92421479058969,72.11929484179456
quality,MORL-SAC run0,215,3.6017370211548183,7.101737021154818,39.875,1,0.3704664699119018,3.4435350484755944,800.0,66.39826297884518,71.9841435112307
quality,MORL-SAC run0,216,5.413170323014199,8.9131703230142,33.875,1,0.38287405123444174,3.8734755744498788,800.0,64.5868296769858,71.99637105148612
quality,MORL-SAC run0,217,5.038028595981359,8.538028595981359,37.875,1,0.3965203200554015,3.7092451608028214,800.0,64.96197140401864,72.19232369730346
quality,MORL-SAC run0,218,5.222692766445121,8.722692766445121,30.0,1,0.3652115474114144,3.6001192212495634,800.0,64.77730723355488,72.05207660952455
quality,MORL-SAC run0,219,4.925060400653621,8.42506040065362,41.25,1,0.38194259062198377,3.522641670431713,800.0,65.07493959934638,72.01942373008289
quality,PID,200,0.0,1.2980428373020203,0.0,0,0.18615691569851478,0.4906076490991403,nan,72.20195716269798,73.72143038665345
quality,PID,201,0.0,1.3015033981920396,0.0,0,0.18627178534506683,0.49216078878193364,nan,72.19849660180796,73.73166062478612
quality,PID,202,0.0,1.3100558677929541,0.0,0,0.18555456647917978,0.49107711402397924,nan,72.18994413220705,73.7497369505925
quality,PID,203,0.0,1.311964220614783,0.0,0,0.18606648041401996,0.4902079113547637,nan,72.18803577938522,73.7181999611485
quality,PID,204,0.0,1.2752685836787947,0.0,0,0.18620515051485143,0.4896007277420151,nan,72.2247314163212,73.7007055718628
quality,PID,205,0.0,1.2971090234972422,0.0,0,0.18629386256981917,0.49025811348004267,nan,72.20289097650276,73.716152942793
quality,PID,206,0.0,1.2922834544992554,0.0,0,0.18596671752531257,0.4901538942939032,nan,72.20771654550074,73.72345759689944
quality,PID,207,0.0,1.281023274305923,0.0,0,0.1856647628712036,0.4900545310346746,nan,72.21897672569408,73.73017657055064
quality,PID,208,0.0,1.3206135495755547,0.0,0,0.18593183158276005,0.491884655393016,nan,72.17938645042445,73.7523710887109
quality,PID,209,0.0,1.302610421802811,0.0,0,0.18631278064203904,0.49046473218964887,nan,72.19738957819719,73.7352278183469
quality,PID,210,0.0,1.3148968898882458,0.0,0,0.18597910322891842,0.49149908265045894,nan,72.18510311011175,73.75427084280302
quality,PID,211,0.0,1.275485249070087,0.0,0,0.18625514261003495,0.49033101192672135,nan,72.22451475092991,73.71628324262066
quality,PID,212,0.0,1.2626410565642487,0.0,0,0.18639861793796442,0.48961989072159673,nan,72.23735894343575,73.69003857385657
quality,PID,213,0.0,1.3335525968493016,0.0,0,0.1865554394874156,0.49264831421619565,nan,72.1664474031507,73.76750031106398
quality,PID,214,0.0,1.2501905187370852,0.0,0,0.1861069396310313,0.488161102966501,nan,72.24980948126291,73.66747088329763
quality,PID,215,0.0,1.3088327179505228,0.0,0,0.18633782720623948,0.4899539564273816,nan,72.19116728204948,73.70583905071783
quality,PID,216,0.0,1.2848610145075696,0.0,0,0.1862586764816463,0.48939055097662093,nan,72.21513898549243,73.69924721292688
quality,PID,217,0.0,1.288374021511956,0.0,0,0.18602961845365584,0.4913279331070582,nan,72.21162597848804,73.73974472011962
quality,PID,218,0.0,1.3267143751157562,0.0,0,0.18594549878031685,0.49106568408918405,nan,72.17328562488424,73.74128777396973
quality,PID,219,0.0,1.326167240319137,0.0,0,0.18602243663791285,0.4906344454220193,nan,72.17383275968086,73.74545196908883
quality,Fuzzy,200,0.0,1.4336318858526056,0.0,0,0.17674656570553537,0.4898570972352486,nan,72.0663681141474,73.85486362589364
quality,Fuzzy,201,0.0,1.4909040414900545,0.0,0,0.1765897813318631,0.49375846766869685,nan,72.00909595850995,73.89345658122375
quality,Fuzzy,202,0.0,1.498825735121983,0.0,0,0.17629636383455427,0.49557155767653344,nan,72.00117426487802,73.94253374690598
quality,Fuzzy,203,0.0,1.4856763621032627,0.0,0,0.17651002368612367,0.493287747439896,nan,72.01432363789674,73.89014156355024
quality,Fuzzy,204,0.0,1.4508181057985752,0.0,0,0.17645729517277786,0.4894004062182297,nan,72.04918189420142,73.8505108113992
quality,Fuzzy,205,0.0,1.4635302391789224,0.0,0,0.17660165110521042,0.49169429367698,nan,72.03646976082108,73.87706617617057
quality,Fuzzy,206,0.0,1.51489134293314,0.0,0,0.17594471115024035,0.49372229179353666,nan,71.98510865706686,73.92561328339455
quality,Fuzzy,207,0.0,1.4834393163711042,0.0,0,0.17634541062771802,0.4927712052176695,nan,72.0165606836289,73.9096585345756
quality,Fuzzy,208,0.0,1.4679846001273518,0.0,0,0.17656310307310008,0.49176616500960335,nan,72.03201539987265,73.87764826477108
quality,Fuzzy,209,0.0,1.452220223660703,0.0,0,0.17677257208797137,0.4904193334423952,nan,72.0477797763393,73.8598639453564
quality,Fuzzy,210,0.0,1.4562008592010187,0.0,0,0.17652343861517394,0.4913784848844474,nan,72.04379914079898,73.87544738572224
quality,Fuzzy,211,0.0,1.5011500943057001,0.0,0,0.17615553439685527,0.4938051683934057,nan,71.9988499056943,73.90928767632253
quality,Fuzzy,212,0.0,1.5324333464684514,0.0,0,0.17586968596189756,0.4949331768847359,nan,71.96756665353155,73.93332028384775
quality,Fuzzy,213,0.0,1.4457841598957373,0.0,0,0.17671753878481056,0.4915717144098337,nan,72.05421584010426,73.87728662888564
quality,Fuzzy,214,0.0,1.5011313907543524,0.0,0,0.17623708876676325,0.4923041722814033,nan,71.99886860924565,73.88994125088276
quality,Fuzzy,215,0.0,1.4934659688188106,0.0,0,0.17637832060239056,0.4913306525551572,nan,72.00653403118119,73.87248936432331
quality,Fuzzy,216,0.0,1.4936368954138288,0.0,0,0.17620256160026493,0.4925042463371195,nan,72.00636310458617,73.89258890404545
quality,Fuzzy,217,0.0,1.452887347498418,0.0,0,0.17681552000554213,0.49238565541634777,nan,72.04711265250158,73.87513188737934
quality,Fuzzy,218,0.0,1.4404850817543036,0.0,0,0.1768706232909345,0.48994223381208146,nan,72.0595149182457,73.85318560595125
quality,Fuzzy,219,0.0,1.4219855376353507,0.0,0,0.1767493401483815,0.48905195053994654,nan,72.07801446236465,73.83758649495321
pressure,MORL-SAC run0,200,0.0,3.0820214899039655,0.0,0,0.6704434118204734,2.4918187856972533,nan,70.41797851009603,71.96605159642957
pressure,MORL-SAC run0,201,0.0,2.976043117592667,0.0,0,0.5791305333713623,2.353582850179136,nan,70.52395688240733,72.23999372165315
pressure,MORL-SAC run0,202,0.0,3.251035584693426,0.0,0,0.6307184658922704,2.5237022871741357,nan,70.24896441530657,71.69370396015684
pressure,MORL-SAC run0,203,0.0,2.987774783741955,0.0,0,0.6548044711040966,2.4305680114158035,nan,70.51222521625805,71.80426600857444
pressure,MORL-SAC run0,204,0.0,3.096960632322279,0.0,0,0.6347909441186363,2.3844769046804757,nan,70.40303936767772,72.15820496460051
pressure,MORL-SAC run0,205,0.0,3.3218625682790304,0.0,0,0.6576668734011992,2.4890358047628984,nan,70.17813743172097,71.77964775099628
pressure,MORL-SAC run0,206,0.0,2.9960004452099156,0.0,0,0.6614891857799758,2.5446044889398958,nan,70.50399955479008,71.55328553262292
pressure,MORL-SAC run0,207,0.0,3.024727109602935,0.0,0,0.6596733871548555,2.62380671942081,nan,70.47527289039706,71.53810834281222
pressure,MORL-SAC run0,208,0.0,3.044690953394266,0.0,0,0.619457973580495,2.499552250301797,nan,70.45530904660573,71.88246736571466
pressure,MORL-SAC run0,209,0.0,3.2771600955088473,0.0,0,0.717052488531241,2.5500575213487484,nan,70.22283990449115,71.92842747638709
pressure,MORL-SAC run0,210,0.0,3.0238409941809437,0.0,0,0.6147662947671897,2.4483617691023847,nan,70.47615900581906,71.71706784627689
pressure,MORL-SAC run0,211,0.0,3.0174269919229033,0.0,0,0.6252429456475497,2.515377374736032,nan,70.4825730080771,71.84816801528969
pressure,MORL-SAC run0,212,0.0,3.0169053351062587,0.0,0,0.6757335337189652,2.5130856249815072,nan,70.48309466489374,72.01737199493992
pressure,MORL-SAC run0,213,0.0,3.019035219081289,0.0,0,0.6785626313677735,2.5202068333056986,nan,70.48096478091871,72.05109777059029
pressure,MORL-SAC run0,214,0.0,3.013165061584246,0.0,0,0.6010018173547689,2.458262796185437,nan,70.48683493841575,71.68563819017662
pressure,MORL-SAC run0,215,0.0,3.063334263384604,0.0,0,0.6776383514600486,2.420412567684845,nan,70.4366657366154,72.09183216772881
pressure,MORL-SAC run0,216,0.0,3.165987372121151,0.0,0,0.595024886107435,2.3652324051914366,nan,70.33401262787885,72.59790484404395
pressure,MORL-SAC run0,217,0.0,3.0252550568481666,0.0,0,0.648121630336572,2.5560346850841165,nan,70.47474494315183,71.80862797971672
pressure,MORL-SAC run0,218,0.0,3.1069585870523895,0.0,0,0.5703673986161579,2.4007538570637923,nan,70.39304141294761,71.93305130944798
pressure,MORL-SAC run0,219,0.0,3.0067403400013575,0.0,0,0.6236780305811038,2.472053703861813,nan,70.49325965999864,71.870551649585
pressure,MORL-SAC run1,200,0.0,3.0333310630486494,0.0,0,0.501174134866126,2.380730955389092,nan,70.46666893695135,71.88036855366303
pressure,MORL-SAC run1,201,0.0,3.1324564904812178,0.0,0,0.5197317941756587,2.3311559881298405,nan,70.36754350951878,72.16821661476045
pressure,MORL-SAC run1,202,0.0,3.087810114228205,0.0,0,0.4925025729153223,2.422386987603957,nan,70.4121898857718,71.74013106815633
pressure,MORL-SAC run1,203,0.0,3.069589537190751,0.0,0,0.5150067881871436,2.325981534319926,nan,70.43041046280925,72.01071268033124
pressure,MORL-SAC run1,204,0.0,3.0545860253600097,0.0,0,0.5050887778607116,2.3214487277327125,nan,70.44541397463999,72.099007779863
pressure,MORL-SAC run1,205,0.0,3.1062575290681167,0.0,0,0.5173962294043069,2.352178526022761,nan,70.39374247093188,72.12425046292796
pressure,MORL-SAC run1,206,0.0,3.0701137644998795,0.0,0,0.5082924896904668,2.4373456723487315,nan,70.42988623550012,71.90551299112617
pressure,MORL-SAC run1,207,0.0,3.0724961367170494,0.0,0,0.5154508965548246,2.501027615732379,nan,70.42750386328295,71.71179700638613
pressure,MORL-SAC run1,208,0.0,3.104859063587611,0.0,0,0.4936276726399509,2.4213665190196005,nan,70.39514093641239,72.05932576023791
pressure,MORL-SAC run1,209,0.0,3.0662644557259284,0.0,0,0.5048804616967111,2.3789538791820677,nan,70.43373554427407,72.13327671042593
pressure,MORL-SAC run1,210,0.0,3.1194445216783606,0.0,0,0.5117123889777115,2.414273275134177,nan,70.38055547832164,71.99011763716757
pressure,MORL-SAC run1,211,0.0,3.0911420134378176,0.0,0,0.49370102162283125,2.4549794836958507,nan,70.40885798656218,71.7845182352361
pressure,MORL-SAC run1,212,0.0,3.0337858158142694,0.0,0,0.5140402237768331,2.380508060304361,nan,70.46621418418573,72.09243066270184
pressure,MORL-SAC run1,213,0.0,3.0380246424471835,0.0,0,0.5030922689513613,2.402178046813302,nan,70.46197535755282,72.0302615950821
pressure,MORL-SAC run1,214,0.0,3.0963203393458087,0.0,0,0.5045931527725518,2.3819439302983443,nan,70.40367966065419,71.94600694130594
pressure,MORL-SAC run1,215,0.0,3.1034843128912684,0.0,0,0.5066027107694584,2.3154379388797866,nan,70.39651568710873,72.07535017245449
pressure,MORL-SAC run1,216,0.0,3.086955165983312,0.0,0,0.49823558778368415,2.369668858263891,nan,70.41304483401669,72.29663054535717
pressure,MORL-SAC run1,217,0.0,3.076433303981176,0.0,0,0.5153014408767742,2.4774930056299733,nan,70.42356669601882,71.79465923626265
pressure,MORL-SAC run1,218,0.0,3.1072588463155313,0.0,0,0.5134414108579328,2.3349577390896936,nan,70.39274115368447,72.04097117214319
pressure,MORL-SAC run1,219,0.0,3.0968921381915635,0.0,0,0.4994777599198432,2.404214835746986,nan,70.40310786180844,71.81750959853328
pressure,PID,200,0.0,1.3016920528197602,0.0,0,0.18617244716315717,0.490774639686826,nan,72.19830794718024,73.72444172433381
pressure,PID,201,0.0,1.3051876894000998,0.0,0,0.18629313472280273,0.492340174814369,nan,72.1948123105999,73.73528487680085
pressure,PID,202,0.0,1.3137593118994317,0.0,0,0.18556973935258014,0.4912532232157919,nan,72.18624068810057,73.75275913485451
pressure,PID,203,0.0,1.3157773264732526,0.0,0,0.18608066517478683,0.49034932646032914,nan,72.18422267352675,73.72105023225643
pressure,PID,204,0.0,1.278974964509075,0.0,0,0.18621937730851812,0.48974133276150467,nan,72.22102503549092,73.70355767734901
pressure,PID,205,0.0,1.3010735249021081,0.0,0,0.18630892588001657,0.4904048503829407,nan,72.19892647509789,73.71921961907158
pressure,PID,206,0.0,1.2958893640598177,0.0,0,0.1859813068810965,0.49030657364535146,nan,72.20411063594018,73.72690639106293
pressure,PID,207,0.0,1.2847802559452361,0.0,0,0.18567470792447516,0.49022910918240986,nan,72.21521974405476,73.73398064024273
pressure,PID,208,0.0,1.3241050347835284,0.0,0,0.18594699990732266,0.49207102619598936,nan,72.17589496521647,73.75568757518687
pressure,PID,209,0.0,1.3062582519854118,0.0,0,0.18631906207849624,0.49059625302193843,nan,72.19374174801459,73.73805838909531
pressure,PID,210,0.0,1.3184150448088587,0.0,0,0.18599728733399168,0.49168421046381827,nan,72.18158495519114,73.75765362074601
pressure,PID,211,0.0,1.2792105062248709,0.0,0,0.1862693751973996,0.4904808804340682,nan,72.22078949377513,73.71949604543794
pressure,PID,212,0.0,1.2666246314242073,0.0,0,0.18641414298619985,0.4897558027420449,nan,72.23337536857579,73.69324573761608
pressure,PID,213,0.0,1.3372629076577596,0.0,0,0.18657131898029533,0.4928162140412039,nan,72.16273709234224,73.77038768988864
pressure,PID,214,0.0,1.2539812432462014,0.0,0,0.18611952082625294,0.4882803029389918,nan,72.2460187567538,73.67120702137738
pressure,PID,215,0.0,1.3126966354808474,0.0,0,0.18635434222189495,0.490092896414839,nan,72.18730336451915,73.70908865474783
pressure,PID,216,0.0,1.2886383205580358,0.0,0,0.18627385589860346,0.4895251343176641,nan,72.21136167944196,73.70204263128008
pressure,PID,217,0.0,1.292275230702984,0.0,0,0.1860466824156468,0.491489684070827,nan,72.20772476929702,73.74301732325539
pressure,PID,218,0.0,1.3304239681709333,0.0,0,0.18596041991583334,0.4912455891352304,nan,72.16957603182907,73.74406046844666
pressure,PID,219,0.0,1.3299088534075025,0.0,0,0.1860358028705651,0.49078700905572725,nan,72.1700911465925,73.74806292620798
pressure,MORL-SAC run2,200,0.0,2.7528685805459503,0.0,0,0.5362320842474588,2.112613835195977,nan,70.74713141945405,71.8003224567794
pressure,MORL-SAC run2,201,0.0,2.4752418403899696,0.0,0,0.4733624353864183,2.0056542311984904,nan,71.02475815961003,71.926633963095
pressure,MORL-SAC run2,202,0.0,2.6114340343307276,0.0,0,0.5514171123633904,2.094417055217977,nan,70.88856596566927,71.86493411152578
pressure,MORL-SAC run2,203,0.0,2.729589336261867,0.0,0,0.5347457534189797,2.096735356096256,nan,70.77041066373813,71.88334937139417
pressure,MORL-SAC run2,204,0.0,2.628209191317481,0.0,0,0.5527701815123756,2.0907400249801698,nan,70.87179080868252,71.85980205662067
pressure,MORL-SAC run2,205,0.0,2.6417625662277686,0.0,0,0.5346033009395317,2.089311820558752,nan,70.85823743377223,71.93399562977206
pressure,MORL-SAC run2,206,0.0,2.6821208033966286,0.0,0,0.4998561877722363,2.0899522529553765,nan,70.81787919660337,71.84176396113787
pressure,MORL-SAC run2,207,0.0,2.6698436196184474,0.0,0,0.5366113613503511,2.151459313991147,nan,70.83015638038155,71.69787666910909
pressure,MORL-SAC run2,208,0.0,2.522073929146316,0.0,0,0.5298998514989179,2.0869427859062544,nan,70.97792607085368,71.74781495873897
pressure,MORL-SAC run2,209,0.0,3.0787580580576446,0.0,0,0.5389774849577726,2.1436865854555425,nan,70.42124194194236,71.78379758799447
pressure,MORL-SAC run2,210,0.0,2.4727522248020506,0.0,0,0.5120036857804564,2.061318636681418,nan,71.02724777519795,71.83992580053011
pressure,MORL-SAC run2,211,0.0,2.520651366576601,0.0,0,0.5076752965824944,2.0756819495200385,nan,70.9793486334234,71.83478735341507
pressure,MORL-SAC run2,212,0.0,2.6530842735839855,0.0,0,0.5435066986935819,2.117647299632884,nan,70.84691572641601,71.8443368249016
pressure,MORL-SAC run2,213,0.0,2.8627792154777154,0.0,0,0.5074807620372752,2.1221943308898763,nan,70.63722078452228,71.7755896553143
pressure,MORL-SAC run2,214,0.0,2.5385797931351135,0.0,0,0.5112591497258983,2.0679388206830636,nan,70.96142020686489,71.90891049330848
pressure,MORL-SAC run2,215,0.0,2.9162025882053086,0.0,0,0.5313615793435602,2.095457542726354,nan,70.58379741179469,71.87474291722789
pressure,MORL-SAC run2,216,0.0,2.6393715658415715,0.0,0,0.5100770108048831,2.0672886900907756,nan,70.86062843415843,71.91771256081054
pressure,MORL-SAC run2,217,0.0,2.677067107634741,0.0,0,0.4889713561674256,2.0888154921844473,nan,70.82293289236526,71.95275972570288
pressure,MORL-SAC run2,218,0.0,2.5732697052417564,0.0,0,0.5448157222054313,2.0580122313287372,nan,70.92673029475824,71.9667359616525
pressure,MORL-SAC run2,219,0.0,2.6406105916105247,0.0,0,0.5164591603598598,2.075210598537647,nan,70.85938940838948,71.8988016229194
pressure,MORL-SAC run3,200,0.0,2.4402035105703845,0.0,0,0.518237567325512,1.5750292074884416,nan,71.05979648942962,73.65997534489787
pressure,MORL-SAC run3,201,0.0,2.3364595165880786,0.0,0,0.5139722262292921,1.411378300460308,nan,71.16354048341192,73.78758552114076
pressure,MORL-SAC run3,202,0.0,2.3301178659158523,0.0,0,0.5107793573115949,1.628674044744742,nan,71.16988213408415,72.32629518532246
pressure,MORL-SAC run3,203,0.0,2.415230242474294,0.0,0,0.5080412511025028,1.5685846142658535,nan,71.0847697575257,72.91677678437641
pressure,MORL-SAC run3,204,0.0,2.4311487685684483,0.0,0,0.5221124552790322,1.3421066979835266,nan,71.06885123143155,73.3506815871898
pressure,MORL-SAC run3,205,0.0,2.2418424593696074,0.0,0,0.5310360753689185,1.5119044090690472,nan,71.25815754063039,73.28475326904524
pressure,MORL-SAC run3,206,0.0,2.4421476288824095,0.0,0,0.5184276992214087,1.5709268945387291,nan,71.05785237111759,72.48583119878849
pressure,MORL-SAC run3,207,0.0,1.9885676523163198,0.0,0,0.5319671785486388,1.5961533831172003,nan,71.51143234768368,72.18199231082006
pressure,MORL-SAC run3,208,0.0,2.3608894115611605,0.0,0,0.5176346134733318,1.5275118471889244,nan,71.13911058843884,73.21218080766691
pressure,MORL-SAC run3,209,0.0,2.2757306024950736,0.0,0,0.526540384240823,1.598973447253828,nan,71.22426939750493,73.3032418834079
pressure,MORL-SAC run3,210,0.0,2.465089505931033,0.0,0,0.5135410890654981,1.5325856394114425,nan,71.03491049406897,72.31647015023471
pressure,MORL-SAC run3,211,0.0,2.4414068575632086,0.0,0,0.514364716691869,1.5321538400041668,nan,71.05859314243679,72.17107675123913
pressure,MORL-SAC run3,212,0.0,2.188673437324809,0.0,0,0.5068414507873733,1.5762731604447853,nan,71.31132656267519,73.18508595184628
pressure,MORL-SAC run3,213,0.0,2.3136366857706463,0.0,0,0.5146479360785285,1.5371684909150158,nan,71.18636331422935,73.44063508623124
pressure,MORL-SAC run3,214,0.0,2.4408732070301085,0.0,0,0.500612738008325,1.5577164900611697,nan,71.05912679296989,72.29812115369025
pressure,MORL-SAC run3,215,0.0,2.435611907867255,0.0,0,0.5166148077364738,1.4974376459323977,nan,71.06438809213275,73.66052398873354
pressure,MORL-SAC run3,216,0.0,2.061880989276318,0.0,0,0.5295647776874848,1.4372531017808006,nan,71.43811901072368,73.65782717965755
pressure,MORL-SAC run3,217,0.0,2.111101074071911,0.0,0,0.5159971491997695,1.5294387609072984,nan,71.38889892592809,72.37572645339974
pressure,MORL-SAC run3,218,0.0,2.4427830240781105,0.0,0,0.5283972766368574,1.4461435372458744,nan,71.05721697592189,73.29029129639135
pressure,MORL-SAC run3,219,0.0,2.430559731039935,0.0,0,0.5106988821440552,1.5319691509399014,nan,71.06944026896007,72.58128643349947
pressure,MORL-SAC run4,200,0.0,3.220397359208661,0.0,0,0.6809891118587146,2.5662448411363266,nan,70.27960264079134,71.34582537945883
pressure,MORL-SAC run4,201,0.0,3.0703830994831947,0.0,0,0.7163865294532847,2.573465638881725,nan,70.4296169005168,71.39530336814508
pressure,MORL-SAC run4,202,0.0,3.1540571033178253,0.0,0,0.6327420998068494,2.5666759072723035,nan,70.34594289668217,72.02517083466479
pressure,MORL-SAC run4,203,0.0,3.3848056918567835,0.0,0,0.6798163941916737,2.584216639410584,nan,70.11519430814322,71.33708778790727
pressure,MORL-SAC run4,204,0.012382199283393902,3.512382199283394,0.75,1,0.6828245045578498,2.594721219424384,40.0,69.9876178007166,71.35456336214753
pressure,MORL-SAC run4,205,0.0,2.7996394499255643,0.0,0,0.6488929309805087,2.4993289404259915,nan,70.70036055007444,71.32927342149328
pressure,MORL-SAC run4,206,0.0,3.2068579016433034,0.0,0,0.6883439313399773,2.5341803633891016,nan,70.2931420983567,71.32113214489216
pressure,MORL-SAC run4,207,0.0,2.98804331270091,0.0,0,0.6537573072023672,2.50291483915508,nan,70.51195668729909,71.47264839247705
pressure,MORL-SAC run4,208,0.0,2.934533094272254,0.0,0,0.6771236330338226,2.533686478581947,nan,70.56546690572775,71.33112360860042
pressure,MORL-SAC run4,209,0.0,2.869100946068613,0.0,0,0.6404416229245307,2.493842894601611,nan,70.63089905393139,71.33719702372738
pressure,MORL-SAC run4,210,0.0,3.313827980069476,0.0,0,0.6845353726627845,2.57979529415892,nan,70.18617201993052,71.29640620358711
pressure,MORL-SAC run4,211,0.0,2.8825790657867714,0.0,0,0.6928309987145767,2.5368768431865405,nan,70.61742093421323,71.29944594331859
pressure,MORL-SAC run4,212,0.0,3.0424426330790197,0.0,0,0.6478700074195309,2.5216156863279195,nan,70.45755736692098,71.32033637352059
pressure,MORL-SAC run4,213,0.0,2.8207193560011916,0.0,0,0.690939406306855,2.5294569176158,nan,70.67928064399881,71.31201013642188
pressure,MORL-SAC run4,214,0.0,3.133452454181892,0.0,0,0.6956296269991888,2.582979249142162,nan,70.36654754581811,71.33790605203656
pressure,MORL-SAC run4,215,0.0,3.1436517495187246,0.0,0,0.6647611163884779,2.5571013275047503,nan,70.35634825048128,71.38336932154294
pressure,MORL-SAC run4,216,0.0,2.815746242647961,0.0,0,0.6762923639339444,2.533171970957211,nan,70.68425375735204,71.50043731629889
pressure,MORL-SAC run4,217,0.0,2.801067757656668,0.0,0,0.6728068991755407,2.508507777304435,nan,70.69893224234333,71.32313527735995
pressure,MORL-SAC run4,218,0.0,3.229706239587756,0.0,0,0.65745888827038,2.559511272805922,nan,70.27029376041224,71.36414462028597
pressure,MORL-SAC run4,219,0.0,2.9490054815057505,0.0,0,0.683778969325747,2.547275103520306,nan,70.55099451849425,71.34973853752444
quality,MPC,200,0.0,0.21021517482904528,0.0,0,0.181552468365064,0.12372181570467976,nan,73.28978482517095,73.39455817958086
quality,MPC,201,0.0,0.21437942754268136,0.0,0,0.18151787641772543,0.12312799488118371,nan,73.28562057245732,73.39903147783515
quality,MPC,202,0.0,0.21519336804834666,0.0,0,0.18154723921351135,0.12364007748588009,nan,73.28480663195165,73.39486080470535
quality,MPC,203,0.0,0.21743742442235714,0.0,0,0.1815440338432328,0.12324807547665473,nan,73.28256257557764,73.39653763318765
quality,MPC,204,0.0,0.21029101764118252,0.0,0,0.18152650332338283,0.12315816693994563,nan,73.28970898235882,73.39990266669581
quality,MPC,205,0.0,0.2159601767710484,0.0,0,0.1815960570643913,0.12345621889171367,nan,73.28403982322895,73.39671200061963
quality,MPC,206,0.0,0.20993994376327407,0.0,0,0.1815232286127575,0.12361686119538584,nan,73.29006005623673,73.39528799624722
quality,MPC,207,0.0,0.21232949191281136,0.0,0,0.18150967913785898,0.12345378330253855,nan,73.28767050808719,73.3951686247283
quality,MPC,208,0.0,0.213240495694194,0.0,0,0.18152795292979462,0.1235013580992343,nan,73.2867595043058,73.3960492945094
quality,MPC,209,0.0,0.2089217195501334,0.0,0,0.18152708996464817,0.12338474088598515,nan,73.29107828044987,73.39722758405411
quality,MPC,210,0.0,0.22043869471838207,0.0,0,0.18161578485780794,0.1236839541635692,nan,73.27956130528162,73.39453261109375
quality,MPC,211,0.0,0.21116904369242206,0.0,0,0.1815018967894666,0.1236574987583937,nan,73.28883095630758,73.39438139813755
quality,MPC,212,0.0,0.21610780672156693,0.0,0,0.1815105186208008,0.12313144740156415,nan,73.28389219327843,73.3957183549732
quality,MPC,213,0.0,0.21256538433337369,0.0,0,0.18149980498763796,0.12359488587661241,nan,73.28743461566663,73.39554931505975
quality,MPC,214,0.0,0.21345040241730828,0.0,0,0.18152005338938793,0.1234298410413011,nan,73.28654959758269,73.3955033487144
quality,MPC,215,0.0,0.21207389662963294,0.0,0,0.18153017679062167,0.12354352717919174,nan,73.28792610337037,73.39519637956684
quality,MPC,216,0.0,0.21204537309253624,0.0,0,0.18151765637728445,0.12338926830352713,nan,73.28795462690746,73.39843605343236
quality,MPC,217,0.0,0.21249640498561462,0.0,0,0.18160882516999166,0.12378022438685676,nan,73.28750359501439,73.39855184357496
quality,MPC,218,0.0,0.20821939792462274,0.0,0,0.1814456043028425,0.1234523297668509,nan,73.29178060207538,73.40108976515218
quality,MPC,219,0.0,0.211864840578599,0.0,0,0.18156744055072238,0.1231213679602752,nan,73.2881351594214,73.39527428683637
pressure,Fuzzy,200,0.0,1.4352241003885524,0.0,0,0.17672672696124003,0.4898890494516993,nan,72.06477589961145,73.85640389068773
pressure,Fuzzy,201,0.0,1.4916694593660509,0.0,0,0.1765720841766072,0.49374827031507706,nan,72.00833054063395,73.89541940681073
pressure,Fuzzy,202,0.0,1.5006656827793137,0.0,0,0.17627196269437562,0.49559030770131074,nan,71.99933431722069,73.94452074926825
pressure,Fuzzy,203,0.0,1.4871956633555214,0.0,0,0.1764949110812477,0.4933003535698985,nan,72.01280433664448,73.89104202305367
pressure,Fuzzy,204,0.0,1.4523303498562115,0.0,0,0.17643667220731452,0.48939351109129775,nan,72.04766965014379,73.85169232513694
pressure,Fuzzy,205,0.0,1.4646528525304632,0.0,0,0.17658459151046202,0.491717332424313,nan,72.03534714746954,73.87841441068291
pressure,Fuzzy,206,0.0,1.5160150042490699,0.0,0,0.17592393645865556,0.4937043230235705,nan,71.98398499575093,73.92757826353774
pressure,Fuzzy,207,0.0,1.4845685424529051,0.0,0,0.1763237412530856,0.4928418682432201,nan,72.0154314575471,73.91154750708588
pressure,Fuzzy,208,0.0,1.4694679413205165,0.0,0,0.1765431400951485,0.4917930106991535,nan,72.03053205867948,73.88040887792057
pressure,Fuzzy,209,0.0,1.4540621459500898,0.0,0,0.17675388610938292,0.49044039715938476,nan,72.04593785404991,73.86104817930868
pressure,Fuzzy,210,0.0,1.4580619248009299,0.0,0,0.17650094603368416,0.49146280893801325,nan,72.04193807519907,73.87797671650395
pressure,Fuzzy,211,0.0,1.5022901891198757,0.0,0,0.176141532206465,0.49380544967428147,nan,71.99770981088012,73.91034668818867
pressure,Fuzzy,212,0.0,1.5332076355861517,0.0,0,0.17585389708866828,0.494826415475613,nan,71.96679236441385,73.93463921778755
pressure,Fuzzy,213,0.0,1.4480192443500783,0.0,0,0.17669659161180995,0.4916147562527598,nan,72.05198075564992,73.87948544573493
pressure,Fuzzy,214,0.0,1.5026568218221428,0.0,0,0.17622591995335668,0.49229827797412,nan,71.99734317817786,73.8913621534341
pressure,Fuzzy,215,0.0,1.4946003048787588,0.0,0,0.17636364667844795,0.49130585282739253,nan,72.00539969512124,73.87379476961821
pressure,Fuzzy,216,0.0,1.4951505202720483,0.0,0,0.17618354042562068,0.4925084502813763,nan,72.00484947972795,73.89452405114412
pressure,Fuzzy,217,0.0,1.4547342529748022,0.0,0,0.17680090097388756,0.49247513058081277,nan,72.0452657470252,73.87671174501439
pressure,Fuzzy,218,0.0,1.442316307267376,0.0,0,0.1768486546517103,0.4900016937751275,nan,72.05768369273262,73.85459492258366
pressure,Fuzzy,219,0.0,1.423516265170278,0.0,0,0.17673375264536162,0.489056216593266,nan,72.07648373482972,73.83840319462237
combined,MORL-SAC run0,200,4.013008564613571,7.513008564613571,34.75,1,0.38005800741663975,3.3699848123288505,800.0,65.98699143538643,72.02795394445776
combined,MORL-SAC run0,201,5.837369647959662,9.337369647959662,41.375,1,0.3722259242039776,4.130877035306087,800.0,64.16263035204034,72.05520933490382
combined,MORL-SAC run0,202,4.601625100715452,8.101625100715452,25.5,1,0.37775058878280277,3.284487258350857,800.0,65.39837489928455,72.06504696003596
combined,MORL-SAC run0,203,4.329305823917423,7.829305823917423,33.75,1,0.3706661590968956,3.4702563688031365,800.0,65.67069417608258,72.15090745192691
combined,MORL-SAC run0,204,4.86914501408792,8.36914501408792,28.499999999999996,1,0.3720487831271946,3.6007429095426677,800.0,65.13085498591208,72.16096222060693
combined,MORL-SAC run0,205,4.323514246143333,7.823514246143333,33.0,1,0.3736933813227701,3.4113518691665696,800.0,65.67648575385667,72.06989410998446
combined,MORL-SAC run0,206,4.383371722153839,7.883371722153839,37.5,1,0.382085717466186,3.46228773101149,800.0,65.61662827784616,72.18572973876464
combined,MORL-SAC run0,207,3.8549553749517855,7.3549553749517855,34.125,1,0.394881568688751,3.0831726166306765,800.0,66.14504462504821,72.24163097820687
combined,MORL-SAC run0,208,4.977886406094456,8.477886406094456,39.125,1,0.3836941140774055,3.465348203201986,800.0,65.02211359390554,72.05831393013557
combined,MORL-SAC run0,209,1.8127651073025675,5.3127651073025675,33.875,1,0.3807586361851456,2.975318165587691,800.0,68.18723489269743,72.02119300172403
combined,MORL-SAC run0,210,5.564352911905402,9.064352911905402,32.75,1,0.38116158971157077,3.7875575280868903,800.0,64.4356470880946,72.03380315832695
combined,MORL-SAC run0,211,5.14238169383394,8.64238169383394,37.875,1,0.3853962244240403,3.580331488040538,800.0,64.85761830616606,71.96133416902993
combined,MORL-SAC run0,212,3.875695857272092,7.375695857272092,31.874999999999996,1,0.37826744474773477,3.2640045021618245,800.0,66.12430414272791,72.08884413596385
combined,MORL-SAC run0,213,4.051074996700635,7.551074996700635,37.625,1,0.3827125646807428,3.5876584164140377,800.0,65.94892500329937,72.03374504359182
combined,MORL-SAC run0,214,5.075537798242678,8.575537798242678,39.75,1,0.3759854938850573,3.559239127603963,800.0,64.92446220175732,72.1192242806979
combined,MORL-SAC run0,215,3.602940445085707,7.102940445085707,39.75,1,0.37048428276176004,3.443683796277883,800.0,66.39705955491429,71.98390753810118
combined,MORL-SAC run0,216,5.413397998962665,8.913397998962665,33.875,1,0.38283096133502426,3.873291563049343,800.0,64.58660200103733,71.99613204269629
combined,MORL-SAC run0,217,5.039828795576113,8.539828795576113,37.875,1,0.39644089778661673,3.710581600559872,800.0,64.96017120442389,72.18390466662241
combined,MORL-SAC run0,218,5.222491921982197,8.722491921982197,29.875,1,0.3652517758596172,3.6000012885667383,800.0,64.7775080780178,72.05195679506703
combined,MORL-SAC run0,219,4.925442937680202,8.425442937680202,41.25,1,0.3819240517603575,3.5229907886234617,800.0,65.0745570623198,72.01949062766023
combined,MORL-SAC run1,200,0.0,3.445509401464932,0.0,0,0.5730872683865922,1.6536995843792106,nan,70.05449059853507,72.9951658131891
combined,MORL-SAC run1,201,0.0,3.2839050304617388,0.0,0,0.6925593522706404,1.1285999513507947,nan,70.21609496953826,73.15635723547572
combined,MORL-SAC run1,202,0.048391855197678524,3.5483918551976785,4.25,1,0.6737021057279158,1.814140892212115,800.0,69.95160814480232,72.56774344759445
combined,MORL-SAC run1,203,0.0,3.415860867570686,0.0,0,0.5784164487485004,1.5459045106568838,nan,70.08413913242931,72.97232550570266
combined,MORL-SAC run1,204,0.016289737339889143,3.516289737339889,2.5,1,0.5611917980800278,1.5049616317735275,800.0,69.98371026266011,73.0398261623845
combined,MORL-SAC run1,205,0.0,3.445526805387317,0.0,0,0.6106961181444888,1.672091903262366,nan,70.05447319461268,73.01666041578686
combined,MORL-SAC run1,206,0.0,3.427654619881764,0.0,0,0.629958683622025,1.6552738048680666,nan,70.07234538011824,72.68386043721434
combined,MORL-SAC run1,207,0.02363327382717273,3.5236332738271727,1.0,1,0.6197356106436374,1.7683052885017978,800.0,69.97636672617283,72.82460439484184
combined,MORL-SAC run1,208,0.034506061582618486,3.5345060615826185,2.125,1,0.6796580841170137,1.6942795063117495,773.0,69.96549393841738,72.94265009874167
combined,MORL-SAC run1,209,0.0,3.3616498846162273,0.0,0,0.5928173209754188,1.715437943017648,nan,70.13835011538377,73.01002297199942
combined,MORL-SAC run1,210,0.0,3.373798914997522,0.0,0,0.5871875361441781,1.4320737837972475,nan,70.12620108500248,72.77168784718977
combined,MORL-SAC run1,211,0.004418201038220104,3.50441820103822,0.125,1,0.6287976873262497,1.6383378516533122,800.0,69.99558179896178,72.78235420437665
combined,MORL-SAC run1,212,0.0,3.4555075020813604,0.0,0,0.5710249474440641,1.6812144411089267,nan,70.04449249791864,73.0074431704623
combined,MORL-SAC run1,213,0.08321955917767809,3.583219559177678,3.375,1,0.596064294742062,1.6027743889117023,742.0,69.91678044082232,73.12138491913443
combined,MORL-SAC run1,214,0.0,3.4798023709637818,0.0,0,0.6395575384168737,1.571978334805297,nan,70.02019762903622,72.70540079212033
combined,MORL-SAC run1,215,0.0,3.3913636285670776,0.0,0,0.5913892319146772,1.6012611004652413,nan,70.10863637143292,73.05024356079657
combined,MORL-SAC run1,216,0.12755550551412398,3.627555505514124,4.625,1,0.6185833558661233,1.420578990308982,800.0,69.87244449448588,73.26700432282647
combined,MORL-SAC run1,217,0.15491670115328304,3.654916701153283,7.249999999999999,1,0.6216147315955194,1.5362241584367506,800.0,69.84508329884672,72.66620002138406
combined,MORL-SAC run1,218,0.0,3.404314861764661,0.0,0,0.6512369829956999,1.559312530980232,nan,70.09568513823534,72.9167100321558
combined,MORL-SAC run1,219,0.05190476471331351,3.5519047647133135,3.5000000000000004,1,0.6064392302053481,1.618242154666469,800.0,69.94809523528669,72.86120723674914
combined,MORL-SAC run2,200,0.0,3.6116167133205863,0.0,0,1.3113156423037111,1.003098754494008,nan,71.09739637228047,77.11161671332059
combined,MORL-SAC run2,201,0.0,3.507900244669827,0.0,0,1.3357451217974194,0.9523802066816641,nan,71.06691141731652,77.00790024466983
combined,MORL-SAC run2,202,0.0,3.0877597890759176,0.0,0,1.1753810892249934,1.0588901094469367,nan,71.18474395134217,76.58775978907592
combined,MORL-SAC run2,203,0.0,3.47141308178918,0.0,0,1.3532875453758404,0.9351927979071918,nan,71.19047502835467,76.97141308178918
combined,MORL-SAC run2,204,0.0,3.416600402328001,0.0,0,1.3735534471657243,0.9010383205830201,nan,71.14504479024636,76.916600402328
combined,MORL-SAC run2,205,0.0,3.417913473816995,0.0,0,1.2834972690895086,1.0618835871299372,nan,70.98600490577464,76.917913473817
combined,MORL-SAC run2,206,0.0,3.271314170400018,0.0,0,1.1941142698159641,1.0974553745339293,nan,71.250993683889,76.77131417040002
combined,MORL-SAC run2,207,0.0,2.4579161401684786,0.0,0,1.0104109096931264,1.1643792057198066,nan,71.04208385983152,75.24547033095733
combined,MORL-SAC run2,208,0.0,3.515817262938697,0.0,0,1.2463591761707775,1.0448794714111123,nan,71.0348070072995,77.0158172629387
combined,MORL-SAC run2,209,0.0,3.4801503616103417,0.0,0,1.2413017223339846,1.0788408616095935,nan,70.97799162066399,76.98015036161034
combined,MORL-SAC run2,210,0.0,3.4394576745802112,0.0,0,1.2335382302342186,1.0565820653974363,nan,70.99811866579581,76.93945767458021
combined,MORL-SAC run2,211,0.0,2.7731993888914133,0.0,0,1.1470614547728015,1.0541221601316582,nan,71.10143849903801,76.27319938889141
combined,MORL-SAC run2,212,0.0,3.5125210890685565,0.0,0,1.288239802612873,1.051692122970373,nan,70.97003543911956,77.01252108906856
combined,MORL-SAC run2,213,0.0,3.557940018313843,0.0,0,1.3157271548153826,1.0259414220789451,nan,70.89232714457059,77.05794001831384
combined,MORL-SAC run2,214,0.0,3.433088501005045,0.0,0,1.240346668984479,1.052715789960888,nan,71.04035015529692,76.93308850100505
combined,MORL-SAC run2,215,0.0,3.566930483604139,0.0,0,1.3508517736553038,0.9851329603011831,nan,71.07689801098655,77.06693048360414
combined,MORL-SAC run2,216,0.0,3.4583621976000813,0.0,0,1.3109932101347894,0.9873192007399969,nan,70.92531253981862,76.95836219760008
combined,MORL-SAC run2,217,0.0,3.0748149513537726,0.0,0,1.161760141609939,1.150563541135873,nan,71.03374040859428,76.57481495135377
combined,MORL-SAC run2,218,0.0,3.6156027606892565,0.0,0,1.3226120051747703,0.980527970688361,nan,71.1820799388505,77.11560276068926
combined,MORL-SAC run2,219,0.0,3.5571539899274427,0.0,0,1.242802792659635,1.060860445395102,nan,71.05139371193935,77.05715398992744
combined,MORL-SAC run3,200,0.0,2.4402035105703845,0.0,0,0.4966280651955177,0.8501507313248771,nan,71.05979648942962,73.43281266231209
combined,MORL-SAC run3,201,0.0,2.3364595165880786,0.0,0,0.5548813617550223,0.7600899654550374,nan,71.16354048341192,73.55522876764527
combined,MORL-SAC run3,202,0.0,1.2083629629959916,0.0,0,0.47318692550886965,0.8916342338796484,nan,72.29163703700401,72.84913221256528
combined,MORL-SAC run3,203,0.0,2.415230242474294,0.0,0,0.4973354480024703,0.8348660742275581,nan,71.0847697575257,73.46062578853454
combined,MORL-SAC run3,204,0.0,2.4311487685684483,0.0,0,0.4940110901506696,0.8238254918866111,nan,71.06885123143155,73.61865178901776
combined,MORL-SAC run3,205,0.0,2.2418424593696074,0.0,0,0.4921312875820494,0.8376151996854808,nan,71.25815754063039,73.22745405925872
combined,MORL-SAC run3,206,0.0,2.4421476288824095,0.0,0,0.507704146831836,0.8353151117977892,nan,71.05785237111759,73.43905629239134
combined,MORL-SAC run3,207,0.0,1.8822735017793661,0.0,0,0.4885931894807456,0.8607459997562908,nan,71.61772649822063,73.35816634622832
combined,MORL-SAC run3,208,0.0,2.3608894115611605,0.0,0,0.49886048275939743,0.8179779057202684,nan,71.13911058843884,73.30274968960862
combined,MORL-SAC run3,209,0.0,2.2757306024950736,0.0,0,0.49447262247193535,0.8725556355322068,nan,71.22426939750493,73.27969437593079
combined,MORL-SAC run3,210,0.0,2.4599812160303713,0.0,0,0.5031202282613609,0.800109917003263,nan,71.04001878396963,73.44517719494038
combined,MORL-SAC run3,211,0.0,2.4414068575632086,0.0,0,0.5046661809446924,0.8125624225904722,nan,71.05859314243679,73.29979695835745
combined,MORL-SAC run3,212,0.0,2.1216892969065952,0.0,0,0.4843025350833283,0.8599120888464002,nan,71.3783107030934,73.22137084239148
combined,MORL-SAC run3,213,0.0,2.3136366857706463,0.0,0,0.4972646407013066,0.8462028667473648,nan,71.18636331422935,73.25063760178377
combined,MORL-SAC run3,214,0.0,2.4408732070301085,0.0,0,0.5006222513581413,0.8144318901021457,nan,71.05912679296989,73.44545561692995
combined,MORL-SAC run3,215,0.0,2.4344946820446296,0.0,0,0.4979032918505304,0.8427124532938195,nan,71.06550531795537,73.31962539565131
combined,MORL-SAC run3,216,0.0,2.039501265711749,0.0,0,0.5003274491056988,0.8003655848222999,nan,71.46049873428825,73.24127053743675
combined,MORL-SAC run3,217,0.0,2.111101074071911,0.0,0,0.5024720626183967,0.8223686845025154,nan,71.38889892592809,73.26534643997627
combined,MORL-SAC run3,218,0.0,1.9760934999192017,0.0,0,0.4930128833938099,0.8030183527168133,nan,71.5239065000808,73.43698401667807
combined,MORL-SAC run3,219,0.0,2.430559731039935,0.0,0,0.5014238956686174,0.8182327422608812,nan,71.06944026896007,73.33106409866676
combined,MORL-SAC run4,200,0.0,3.0637304241691794,0.0,0,0.5039288509772746,0.6979165724618287,nan,70.67470593765621,76.56373042416918
combined,MORL-SAC run4,201,0.0,3.7896727806851374,0.0,0,0.48392803837385756,0.6629808396301229,nan,70.80732114712146,77.28967278068514
combined,MORL-SAC run4,202,0.0,1.5341881109960553,0.0,0,0.5390764917592072,0.6229339051575764,nan,71.96581188900394,74.80395705487841
combined,MORL-SAC run4,203,0.0,3.1547702057611673,0.0,0,0.47723779339285954,0.6971894245782199,nan,70.65445491261146,76.65477020576117
combined,MORL-SAC run4,204,0.0,3.8912476849051387,0.0,0,0.48563010667865214,0.890944007653725,nan,70.64936225753704,77.39124768490514
combined,MORL-SAC run4,205,0.0,2.5590142936819973,0.0,0,0.5031937788472067,0.7594808282084087,nan,70.94221441009746,76.059014293682
combined,MORL-SAC run4,206,0.0,2.8922088927006513,0.0,0,0.5371859795847147,0.647481229832492,nan,70.60779110729935,74.69848040865986
combined,MORL-SAC run4,207,0.0,2.099462341226996,0.0,0,0.5770419256271389,0.5269803153952587,nan,71.400537658773,74.29945592424644
combined,MORL-SAC run4,208,0.0,2.7268849437448353,0.0,0,0.49619881880618166,0.5604203223018205,nan,70.77311505625516,75.74520963537739
combined,MORL-SAC run4,209,0.0,2.646361024511677,0.0,0,0.6228470043171281,0.7331478705104268,nan,70.85363897548832,76.13376242360117
combined,MORL-SAC run4,210,0.0,2.749570237065768,0.0,0,0.517408618252988,0.5663394667050328,nan,70.75042976293423,75.48676155439523
combined,MORL-SAC run4,211,0.0,2.8767939298652436,0.0,0,0.5376922972508353,0.5078253425239853,nan,70.62320607013476,74.53725869420816
combined,MORL-SAC run4,212,0.0,2.5904683136736963,0.0,0,0.5202566576122845,0.7147005452447087,nan,71.12109530728179,76.0904683136737
combined,MORL-SAC run4,213,0.0,2.939389401856687,0.0,0,0.531300266000482,0.7225732073696236,nan,70.7891045765541,76.43938940185669
combined,MORL-SAC run4,214,0.0,2.902344314409234,0.0,0,0.5048404408844576,0.5593459757426624,nan,70.59765568559077,75.10709250515649
combined,MORL-SAC run4,215,0.0,3.2437523870161016,0.0,0,0.5260901574188797,0.81637873997078,nan,70.60460413150406,76.7437523870161
combined,MORL-SAC run4,216,0.0,4.098017931427179,0.0,0,0.5606962428987892,0.8516992573360949,nan,71.0967948364196,77.59801793142718
combined,MORL-SAC run4,217,0.0,2.4664351551120944,0.0,0,0.592478415128717,0.6607760017513381,nan,71.0335648448879,75.09021190826519
combined,MORL-SAC run4,218,0.0,2.6957651093628385,0.0,0,0.4935417463191385,0.7702496403794004,nan,70.81891270683522,76.19576510936284
combined,MORL-SAC run4,219,0.0,2.8461300304265507,0.0,0,0.49356349278070333,0.5584072242427048,nan,70.65386996957345,75.19502039796699
combined,PID,200,0.0,1.3016920528197602,0.0,0,0.18617244716315717,0.490774639686826,nan,72.19830794718024,73.72444172433381
combined,PID,201,0.0,1.3051876894000998,0.0,0,0.18629313472280273,0.492340174814369,nan,72.1948123105999,73.73528487680085
combined,PID,202,0.0,1.3137593118994317,0.0,0,0.18556973935258014,0.4912532232157919,nan,72.18624068810057,73.75275913485451
combined,PID,203,0.0,1.3157773264732526,0.0,0,0.18608066517478683,0.49034932646032914,nan,72.18422267352675,73.72105023225643
combined,PID,204,0.0,1.278974964509075,0.0,0,0.18621937730851812,0.48974133276150467,nan,72.22102503549092,73.70355767734901
combined,PID,205,0.0,1.3010735249021081,0.0,0,0.18630892588001657,0.4904048503829407,nan,72.19892647509789,73.71921961907158
combined,PID,206,0.0,1.2958893640598177,0.0,0,0.1859813068810965,0.49030657364535146,nan,72.20411063594018,73.72690639106293
combined,PID,207,0.0,1.2847802559452361,0.0,0,0.18567470792447516,0.49022910918240986,nan,72.21521974405476,73.73398064024273
combined,PID,208,0.0,1.3241050347835284,0.0,0,0.18594699990732266,0.49207102619598936,nan,72.17589496521647,73.75568757518687
combined,PID,209,0.0,1.3062582519854118,0.0,0,0.18631906207849624,0.49059625302193843,nan,72.19374174801459,73.73805838909531
combined,PID,210,0.0,1.3184150448088587,0.0,0,0.18599728733399168,0.49168421046381827,nan,72.18158495519114,73.75765362074601
combined,PID,211,0.0,1.2792105062248709,0.0,0,0.1862693751973996,0.4904808804340682,nan,72.22078949377513,73.71949604543794
combined,PID,212,0.0,1.2666246314242073,0.0,0,0.18641414298619985,0.4897558027420449,nan,72.23337536857579,73.69324573761608
combined,PID,213,0.0,1.3372629076577596,0.0,0,0.18657131898029533,0.4928162140412039,nan,72.16273709234224,73.77038768988864
combined,PID,214,0.0,1.2539812432462014,0.0,0,0.18611952082625294,0.4882803029389918,nan,72.2460187567538,73.67120702137738
combined,PID,215,0.0,1.3126966354808474,0.0,0,0.18635434222189495,0.490092896414839,nan,72.18730336451915,73.70908865474783
combined,PID,216,0.0,1.2886383205580358,0.0,0,0.18627385589860346,0.4895251343176641,nan,72.21136167944196,73.70204263128008
combined,PID,217,0.0,1.292275230702984,0.0,0,0.1860466824156468,0.491489684070827,nan,72.20772476929702,73.74301732325539
combined,PID,218,0.0,1.3304239681709333,0.0,0,0.18596041991583334,0.4912455891352304,nan,72.16957603182907,73.74406046844666
combined,PID,219,0.0,1.3299088534075025,0.0,0,0.1860358028705651,0.49078700905572725,nan,72.1700911465925,73.74806292620798
pressure,MPC,200,0.0,0.21144902755013106,0.0,0,0.18157181900696528,0.12471925774394448,nan,73.28855097244987,73.39364585428352
pressure,MPC,201,0.0,0.2157048829194821,0.0,0,0.18153716420628285,0.12412042177732327,nan,73.28429511708052,73.39815234261646
pressure,MPC,202,0.0,0.21648134644313188,0.0,0,0.1815667159551424,0.12463704805091737,nan,73.28351865355687,73.393926124975
pressure,MPC,203,0.0,0.2186469817605854,0.0,0,0.18156328933727117,0.1242414671675677,nan,73.28135301823941,73.39564653302777
pressure,MPC,204,0.0,0.21157597082158475,0.0,0,0.1815456636894801,0.12415090098828072,nan,73.28842402917842,73.39902546900746
pressure,MPC,205,0.0,0.21712918892636424,0.0,0,0.18161550699740125,0.12445150088754409,nan,73.28287081107364,73.39581124443826
pressure,MPC,206,0.0,0.2116922417400815,0.0,0,0.18154251902361906,0.12461361952249772,nan,73.28830775825992,73.3943598903922
pressure,MPC,207,0.0,0.2132324699193333,0.0,0,0.18152924246799884,0.12444917145351342,nan,73.28676753008067,73.3942737527932
pressure,MPC,208,0.0,0.21452469289671683,0.0,0,0.18154733598496087,0.12449715457007718,nan,73.28547530710328,73.3951428065355
pressure,MPC,209,0.0,0.21018167592239934,0.0,0,0.18154671439325654,0.12437948565768069,nan,73.2898183240776,73.39633388529974
pressure,MPC,210,0.0,0.22174978959193936,0.0,0,0.18163552049273335,0.12468136869923456,nan,73.27825021040806,73.39362827457899
pressure,MPC,211,0.0,0.2124689069387813,0.0,0,0.18152121232946783,0.12465457609269555,nan,73.28753109306122,73.3934756354165
pressure,MPC,212,0.0,0.2172525249563364,0.0,0,0.18152967248394702,0.12412381144737666,nan,73.28274747504366,73.39483704290441
pressure,MPC,213,0.0,0.21371602076202123,0.0,0,0.1815193356087068,0.12459136127452905,nan,73.28628397923798,73.39463252008537
pressure,MPC,214,0.0,0.2147443755684293,0.0,0,0.18153950922875062,0.12442495808807047,nan,73.28525562443157,73.39458200978939
pressure,MPC,215,0.0,0.21321804739983463,0.0,0,0.18154973445153644,0.12453952332837932,nan,73.28678195260017,73.39430182760856
pressure,MPC,216,0.0,0.2132317655117646,0.0,0,0.1815370820778881,0.12438400136296443,nan,73.28676823448824,73.39756776927267
pressure,MPC,217,0.0,0.21363014967747063,0.0,0,0.1816284906707697,0.12477811333087406,nan,73.28636985032253,73.39765140570653
pressure,MPC,218,0.0,0.2095044628866276,0.0,0,0.1814649408275013,0.12444776248837855,nan,73.29049553711337,73.40021326501042
pressure,MPC,219,0.0,0.21313597364971315,0.0,0,0.18158667973556142,0.12411370909541784,nan,73.28686402635029,73.39437860923505
combined,Fuzzy,200,0.0,1.4352241003885524,0.0,0,0.17672672696124003,0.4898890494516993,nan,72.06477589961145,73.85640389068773
combined,Fuzzy,201,0.0,1.4916694593660509,0.0,0,0.1765720841766072,0.49374827031507706,nan,72.00833054063395,73.89541940681073
combined,Fuzzy,202,0.0,1.5006656827793137,0.0,0,0.1762719626943774,0.49559030770131074,nan,71.99933431722069,73.94452074926825
combined,Fuzzy,203,0.0,1.4871956633555214,0.0,0,0.1764949110812477,0.4933003535698985,nan,72.01280433664448,73.89104202305367
combined,Fuzzy,204,0.0,1.4523303498562115,0.0,0,0.17643667220731274,0.48939351109129775,nan,72.04766965014379,73.85169232513694
combined,Fuzzy,205,0.0,1.4646528525304632,0.0,0,0.17658459151046202,0.491717332424313,nan,72.03534714746954,73.87841441068291
combined,Fuzzy,206,0.0,1.5160150042490699,0.0,0,0.17592393645865556,0.4937043230235705,nan,71.98398499575093,73.92757826353774
combined,Fuzzy,207,0.0,1.4845685424529051,0.0,0,0.1763237412530838,0.4928418682432201,nan,72.0154314575471,73.91154750708588
combined,Fuzzy,208,0.0,1.4694679413205165,0.0,0,0.1765431400951485,0.4917930106991535,nan,72.03053205867948,73.88040887792057
combined,Fuzzy,209,0.0,1.4540621459500898,0.0,0,0.17675388610938292,0.49044039715938476,nan,72.04593785404991,73.86104817930868
combined,Fuzzy,210,0.0,1.4580619248009299,0.0,0,0.17650094603368416,0.49146280893801325,nan,72.04193807519907,73.87797671650395
combined,Fuzzy,211,0.0,1.5022901891198757,0.0,0,0.176141532206465,0.49380544967428147,nan,71.99770981088012,73.91034668818867
combined,Fuzzy,212,0.0,1.5332076355861517,0.0,0,0.17585389708866828,0.494826415475613,nan,71.96679236441385,73.93463921778755
combined,Fuzzy,213,0.0,1.4480192443500783,0.0,0,0.17669659161180995,0.4916147562527598,nan,72.05198075564992,73.87948544573493
combined,Fuzzy,214,0.0,1.5026568218221428,0.0,0,0.17622591995335668,0.49229827797412,nan,71.99734317817786,73.8913621534341
combined,Fuzzy,215,0.0,1.4946003048787588,0.0,0,0.17636364667844973,0.49130585282739253,nan,72.00539969512124,73.87379476961821
combined,Fuzzy,216,0.0,1.4951505202720483,0.0,0,0.17618354042562068,0.4925084502813763,nan,72.00484947972795,73.89452405114412
combined,Fuzzy,217,0.0,1.4547342529748022,0.0,0,0.17680090097388756,0.49247513058081277,nan,72.0452657470252,73.87671174501439
combined,Fuzzy,218,0.0,1.442316307267376,0.0,0,0.1768486546517103,0.4900016937751275,nan,72.05768369273262,73.85459492258366
combined,Fuzzy,219,0.0,1.423516265170278,0.0,0,0.17673375264536162,0.489056216593266,nan,72.07648373482972,73.83840319462237
combined,MPC,200,0.0,0.21144902755013106,0.0,0,0.18157181900696173,0.12471925774394448,nan,73.28855097244987,73.39364585428352
combined,MPC,201,0.0,0.2157048829194821,0.0,0,0.18153716420628285,0.12412042177732327,nan,73.28429511708052,73.39815234261646
combined,MPC,202,0.0,0.21648134644313188,0.0,0,0.1815667159551424,0.12463704805091737,nan,73.28351865355687,73.393926124975
combined,MPC,203,0.0,0.2186469817605854,0.0,0,0.18156328933727117,0.1242414671675677,nan,73.28135301823941,73.39564653302777
combined,MPC,204,0.0,0.21157597082158475,0.0,0,0.1815456636894801,0.12415090098828072,nan,73.28842402917842,73.39902546900746
combined,MPC,205,0.0,0.21712918892636424,0.0,0,0.18161550699740125,0.12445150088754409,nan,73.28287081107364,73.39581124443826
combined,MPC,206,0.0,0.2116922417400815,0.0,0,0.1815425190236173,0.12461361952249772,nan,73.28830775825992,73.3943598903922
combined,MPC,207,0.0,0.2132324699193333,0.0,0,0.18152924246799884,0.12444917145351342,nan,73.28676753008067,73.3942737527932
combined,MPC,208,0.0,0.21452469289671683,0.0,0,0.18154733598496087,0.12449715457007718,nan,73.28547530710328,73.3951428065355
combined,MPC,209,0.0,0.21018167592239934,0.0,0,0.18154671439325654,0.12437948565768069,nan,73.2898183240776,73.39633388529974
combined,MPC,210,0.0,0.22174978959193936,0.0,0,0.18163552049273513,0.12468136869923456,nan,73.27825021040806,73.39362827457899
combined,MPC,211,0.0,0.2124689069387813,0.0,0,0.18152121232946783,0.12465457609269555,nan,73.28753109306122,73.3934756354165
combined,MPC,212,0.0,0.2172525249563364,0.0,0,0.18152967248394702,0.12412381144737666,nan,73.28274747504366,73.39483704290441
combined,MPC,213,0.0,0.21371602076202123,0.0,0,0.1815193356087068,0.12459136127452905,nan,73.28628397923798,73.39463252008537
combined,MPC,214,0.0,0.2147443755684293,0.0,0,0.18153950922875062,0.12442495808807047,nan,73.28525562443157,73.39458200978939
combined,MPC,215,0.0,0.21321804739983463,0.0,0,0.18154973445153644,0.12453952332837932,nan,73.28678195260017,73.39430182760856
combined,MPC,216,0.0,0.2132317655117646,0.0,0,0.1815370820778881,0.12438400136296443,nan,73.28676823448824,73.39756776927267
combined,MPC,217,0.0,0.21363014967747063,0.0,0,0.1816284906707697,0.12477811333087406,nan,73.28636985032253,73.39765140570653
combined,MPC,218,0.0,0.2095044628866276,0.0,0,0.18146494082750309,0.12444776248837855,nan,73.29049553711337,73.40021326501042
combined,MPC,219,0.0,0.21313597364971315,0.0,0,0.18158667973556497,0.12411370909541784,nan,73.28686402635029,73.39437860923505
