algo,pref_i,seed,ckpt,any_admissible,val_score,test_score,offset,Cc,Gp,G_total,T12,ripple,extraction,max_viol_test,safe_seed_frac_test
SAC,0,0,120000,True,715.0259279825214,714.1934430110816,-0.832484971439726,11.97274376854956,0.9364593341770376,2.040723137559757,71.35128695076222,0.09720522021841829,96.46420966877461,0.0,1.0
SAC,0,1,90000,True,709.3388914361091,708.8601725032762,-0.47871893283286227,12.41956598945266,1.1390489084793627,2.1955943970364094,71.83630835276024,0.10074783583301465,96.55370007050692,0.0,1.0
SAC,0,2,140000,True,718.3426459504003,718.3747786756502,0.03213272524988042,12.079971894211733,0.9370524444346217,2.0282324560539764,70.66563902655166,0.07184781110683133,96.36963537500992,0.0,1.0
SAC,0,3,130000,True,718.5262039559166,718.8983618365412,0.37215788062462707,11.597892693586195,0.7768555088982524,1.9238223190882244,70.80204061836568,0.09016779511144377,96.3772777839627,0.0,1.0
SAC,0,4,140000,True,715.7053738978057,715.1286520791031,-0.5767218187025946,11.682375540451071,0.8078234350551012,1.9450320660957356,70.96152775200035,0.08532180101467222,96.40512150625975,0.0,1.0
SAC,2,0,150000,True,688.9129560145825,689.104432565594,0.19147655101153305,11.987560388130326,0.9672912038995513,2.069963982175097,71.29306343674936,0.13353093289126416,96.47045096251325,0.16653233546713864,0.9
SAC,2,1,130000,True,692.0780850781973,691.8875292849367,-0.19055579326061434,11.929155646621242,0.7528893430237165,1.8605671532443637,70.40360411137439,0.05954986402698046,96.33057000448308,0.0,1.0
SAC,2,2,10000,True,512.472741018237,512.8006497379392,0.32790871970223634,12.32232697189393,1.010756614646644,2.0769183196362095,71.5071848737267,0.0287460128919467,96.49243854560672,0.0,1.0
SAC,2,3,150000,True,692.9730118300156,692.5031892417772,-0.469822588238344,11.975274799331473,0.7568410841440509,1.8595779907474057,70.52942539308764,0.13981340321386532,96.3521658152792,0.281660461017907,0.85
SAC,2,4,60000,True,700.2124956761417,700.5016310710973,0.28913539495567875,11.641966471137227,0.7909898743761892,1.9324803123933443,70.6266032481955,0.07548432356705333,96.36094067766672,0.0,1.0
SAC,3,0,110000,True,643.4300997958053,642.4807532615448,-0.949346534260485,11.728654066181559,0.9045708117448383,2.037061512879909,71.39379273440264,0.12632923543748392,96.46963048829154,0.0,1.0
SAC,3,1,140000,True,637.9472851652745,637.9344651889102,-0.012819976364312424,12.103485954831749,0.9631930613442574,2.0536471831882865,71.66945990869253,0.16950325574549457,96.53703676534383,0.0,1.0
SAC,3,2,40000,True,642.3374134340627,643.6749395063123,1.3375260722496023,11.977147499759461,0.7872920052037709,1.8897195449538635,70.56138263173955,0.030461604833771423,96.34783026945078,0.0,1.0
SAC,3,3,150000,True,666.4724268936791,664.67065998262,-1.801766911059076,11.697733124690531,0.7331383837673836,1.8675102371117707,70.36918754734903,0.05285186689861713,96.31930659527126,0.9421680556206979,0.9
SAC,3,4,100000,True,686.6712349612828,687.31058586703,0.6393509057471647,11.744402385043138,0.8706103550769649,2.00056435973272,70.94388042290875,0.08908444571012918,96.4117370290187,0.004509802949627328,0.95
