gate,pref_i,preference,n,gate_unsatisfiable_runs,test_score_mean,test_score_sd,Gp_mean,Gp_sd,T12_mean,T12_sd,Cc_mean,Cc_sd,extraction_mean,extraction_sd,T_max_mean,T_max_sd,safe_frac_test_mean,safe_frac_test_sd
all_seeds,0,"[0.7, 0.1, 0.2]",5,0,-3464.4385,198.8352,1.0451,0.2277,72.3475,1.6353,11.9714,0.2808,0.9669,0.0035,75.0623,2.6342,1.0,0.0
all_seeds,1,"[0.5, 0.3, 0.2]",5,0,-2388.2331,29.2739,0.9836,0.198,71.7561,1.6557,11.8505,0.1396,0.9658,0.0033,75.3294,0.6576,1.0,0.0
all_seeds,2,"[0.34, 0.33, 0.33]",5,0,-1528.9122,20.3613,0.8844,0.0597,71.1699,0.6491,11.8414,0.0886,0.9644,0.0008,74.1778,2.1858,0.97,0.0671
all_seeds,3,"[0.2, 0.6, 0.2]",5,0,-644.5779,38.1535,0.9751,0.1001,71.3463,0.4868,11.8831,0.1976,0.9649,0.0007,73.4331,0.6103,1.0,0.0
all_seeds,4,"[0.2, 0.2, 0.6]",5,0,-855.465,16.3593,0.9358,0.1317,71.4228,1.0974,11.8194,0.2665,0.9649,0.0019,73.2638,1.9745,1.0,0.0
80pct_seeds,0,"[0.7, 0.1, 0.2]",5,0,-3434.2981,195.6561,1.0169,0.1435,72.1491,1.0576,11.9023,0.1943,0.9664,0.0022,75.3588,2.4045,0.98,0.0447
80pct_seeds,1,"[0.5, 0.3, 0.2]",5,0,-2383.8916,36.1018,1.0126,0.174,71.8751,1.5412,11.8735,0.1401,0.9661,0.003,74.7206,0.9362,0.95,0.0866
80pct_seeds,2,"[0.34, 0.33, 0.33]",5,0,-1526.8795,20.5901,0.8697,0.0455,70.9201,0.7096,11.8485,0.1039,0.9639,0.0008,74.0547,2.2511,0.97,0.0671
80pct_seeds,3,"[0.2, 0.6, 0.2]",5,0,-618.019,34.6548,0.9153,0.1044,70.8701,0.5222,11.8275,0.1792,0.9641,0.0009,74.0241,1.1265,0.92,0.1255
80pct_seeds,4,"[0.2, 0.2, 0.6]",5,0,-851.1557,14.5389,0.9353,0.132,71.2994,1.145,11.8677,0.2307,0.9647,0.002,73.1331,2.1198,1.0,0.0
mean_only,0,"[0.7, 0.1, 0.2]",5,0,-3377.0028,161.4562,1.033,0.1227,72.261,0.8983,11.9562,0.0935,0.9667,0.0019,76.2489,2.5785,0.94,0.0894
mean_only,1,"[0.5, 0.3, 0.2]",5,0,-2378.7705,45.8461,0.9803,0.2038,71.833,1.5762,11.8663,0.1508,0.966,0.0032,75.0779,1.3902,0.91,0.1245
mean_only,2,"[0.34, 0.33, 0.33]",5,0,-1526.8795,20.5901,0.8697,0.0455,70.9201,0.7096,11.8485,0.1039,0.9639,0.0008,74.0547,2.2511,0.97,0.0671
mean_only,3,"[0.2, 0.6, 0.2]",5,0,-616.8339,33.7986,0.8722,0.1362,70.5117,0.3897,11.8386,0.1905,0.9636,0.0007,73.5637,0.4562,0.79,0.2485
mean_only,4,"[0.2, 0.2, 0.6]",5,0,-851.1557,14.5389,0.9353,0.132,71.2994,1.145,11.8677,0.2307,0.9647,0.002,73.1331,2.1198,1.0,0.0
no_gate,0,"[0.7, 0.1, 0.2]",5,0,-3377.0028,161.4562,1.033,0.1227,72.261,0.8983,11.9562,0.0935,0.9667,0.0019,76.2489,2.5785,0.94,0.0894
no_gate,1,"[0.5, 0.3, 0.2]",5,0,-2378.7705,45.8461,0.9803,0.2038,71.833,1.5762,11.8663,0.1508,0.966,0.0032,75.0779,1.3902,0.91,0.1245
no_gate,2,"[0.34, 0.33, 0.33]",5,0,-1526.8795,20.5901,0.8697,0.0455,70.9201,0.7096,11.8485,0.1039,0.9639,0.0008,74.0547,2.2511,0.97,0.0671
no_gate,3,"[0.2, 0.6, 0.2]",5,0,-616.8339,33.7986,0.8722,0.1362,70.5117,0.3897,11.8386,0.1905,0.9636,0.0007,73.5637,0.4562,0.79,0.2485
no_gate,4,"[0.2, 0.2, 0.6]",5,0,-851.1557,14.5389,0.9353,0.132,71.2994,1.145,11.8677,0.2307,0.9647,0.002,73.1331,2.1198,1.0,0.0
