rule,algo,pref_i,seed,ckpt,rule_satisfiable,val_score,test_score,Gp,T12,Cc,extraction,G_total,safe_seed_frac_test,T12_min_test
strict,SAC,0,0,150000,True,-3064.3665475648763,-3064.344535210399,1.3780868858162367,76.04568626491218,11.87201511669666,97.50999830966528,2.5059184383984534,1.0,73.72918748244248
pct80,SAC,0,0,150000,True,-3064.3665475648763,-3064.344535210399,1.3780868858162367,76.04568626491218,11.87201511669666,97.50999830966528,2.5059184383984534,1.0,73.72918748244248
mean,SAC,0,0,150000,True,-3064.3665475648763,-3064.344535210399,1.3780868858162367,76.04568626491218,11.87201511669666,97.50999830966528,2.5059184383984534,1.0,73.72918748244248
none,SAC,0,0,150000,True,-3064.3665475648763,-3064.344535210399,1.3780868858162367,76.04568626491218,11.87201511669666,97.50999830966528,2.5059184383984534,1.0,73.72918748244248
strict,SAC,0,1,130000,True,-3044.0693080416445,-3044.0841119584925,1.5051489205486737,76.77118577163921,12.035354576997133,97.64488569682283,2.6158071143512296,1.0,73.77459555792763
pct80,SAC,0,1,130000,True,-3044.0693080416445,-3044.0841119584925,1.5051489205486737,76.77118577163921,12.035354576997133,97.64488569682283,2.6158071143512296,1.0,73.77459555792763
mean,SAC,0,1,130000,True,-3044.0693080416445,-3044.0841119584925,1.5051489205486737,76.77118577163921,12.035354576997133,97.64488569682283,2.6158071143512296,1.0,73.77459555792763
none,SAC,0,1,130000,True,-3044.0693080416445,-3044.0841119584925,1.5051489205486737,76.77118577163921,12.035354576997133,97.64488569682283,2.6158071143512296,1.0,73.77459555792763
strict,SAC,0,2,90000,True,-3037.1730371842536,-3037.9566576555217,1.459577714858431,76.56003409659813,11.935599383255127,97.60729601521814,2.5811767633859164,0.95,75.33070937414777
pct80,SAC,0,2,90000,True,-3037.1730371842536,-3037.9566576555217,1.459577714858431,76.56003409659813,11.935599383255127,97.60729601521814,2.5811767633859164,0.95,75.33070937414777
mean,SAC,0,2,90000,True,-3037.1730371842536,-3037.9566576555217,1.459577714858431,76.56003409659813,11.935599383255127,97.60729601521814,2.5811767633859164,0.95,75.33070937414777
none,SAC,0,2,90000,True,-3037.1730371842536,-3037.9566576555217,1.459577714858431,76.56003409659813,11.935599383255127,97.60729601521814,2.5811767633859164,0.95,75.33070937414777
strict,SAC,0,3,150000,True,-3068.4259211976723,-3066.0592483440205,1.4554726996805956,76.23320955649953,11.964946038954771,97.55039336013795,2.5730506534390485,1.0,75.67924033800627
pct80,SAC,0,3,150000,True,-3068.4259211976723,-3066.0592483440205,1.4554726996805956,76.23320955649953,11.964946038954771,97.55039336013795,2.5730506534390485,1.0,75.67924033800627
mean,SAC,0,3,150000,True,-3068.4259211976723,-3066.0592483440205,1.4554726996805956,76.23320955649953,11.964946038954771,97.55039336013795,2.5730506534390485,1.0,75.67924033800627
none,SAC,0,3,150000,True,-3068.4259211976723,-3066.0592483440205,1.4554726996805956,76.23320955649953,11.964946038954771,97.55039336013795,2.5730506534390485,1.0,75.67924033800627
strict,SAC,0,4,140000,True,-3048.608558182821,-3048.1988770537764,1.387916063754156,75.75923794127212,11.95392704007284,97.4374870190167,2.5054602674178144,1.0,75.40404808989118
pct80,SAC,0,4,140000,True,-3048.608558182821,-3048.1988770537764,1.387916063754156,75.75923794127212,11.95392704007284,97.4374870190167,2.5054602674178144,1.0,75.40404808989118
mean,SAC,0,4,140000,True,-3048.608558182821,-3048.1988770537764,1.387916063754156,75.75923794127212,11.95392704007284,97.4374870190167,2.5054602674178144,1.0,75.40404808989118
none,SAC,0,4,140000,True,-3048.608558182821,-3048.1988770537764,1.387916063754156,75.75923794127212,11.95392704007284,97.4374870190167,2.5054602674178144,1.0,75.40404808989118
strict,SAC,1,0,90000,True,-2215.21110471129,-2215.314943695502,1.3967380640827047,75.96974114185387,11.829136947988749,97.50137659447974,2.529473354600133,1.0,75.31401346326982
pct80,SAC,1,0,90000,True,-2215.21110471129,-2215.314943695502,1.3967380640827047,75.96974114185387,11.829136947988749,97.50137659447974,2.529473354600133,1.0,75.31401346326982
mean,SAC,1,0,90000,True,-2215.21110471129,-2215.314943695502,1.3967380640827047,75.96974114185387,11.829136947988749,97.50137659447974,2.529473354600133,1.0,75.31401346326982
none,SAC,1,0,90000,True,-2215.21110471129,-2215.314943695502,1.3967380640827047,75.96974114185387,11.829136947988749,97.50137659447974,2.529473354600133,1.0,75.31401346326982
strict,SAC,1,1,90000,True,-2250.8911832195868,-2249.22846876735,1.036231793836159,73.40859455337856,11.6658374364635,96.8850150040752,2.1810664435197187,1.0,70.05605448389099
pct80,SAC,1,1,90000,True,-2250.8911832195868,-2249.22846876735,1.036231793836159,73.40859455337856,11.6658374364635,96.8850150040752,2.1810664435197187,1.0,70.05605448389099
mean,SAC,1,1,90000,True,-2250.8911832195868,-2249.22846876735,1.036231793836159,73.40859455337856,11.6658374364635,96.8850150040752,2.1810664435197187,1.0,70.05605448389099
none,SAC,1,1,90000,True,-2250.8911832195868,-2249.22846876735,1.036231793836159,73.40859455337856,11.6658374364635,96.8850150040752,2.1810664435197187,1.0,70.05605448389099
strict,SAC,1,2,80000,True,-2254.7348992404686,-2254.1518578104233,1.2556156346215004,74.62682306005794,11.894501498518428,97.19755756289342,2.377235932277377,1.0,73.44027535705042
pct80,SAC,1,2,80000,True,-2254.7348992404686,-2254.1518578104233,1.2556156346215004,74.62682306005794,11.894501498518428,97.19755756289342,2.377235932277377,1.0,73.44027535705042
mean,SAC,1,2,80000,True,-2254.7348992404686,-2254.1518578104233,1.2556156346215004,74.62682306005794,11.894501498518428,97.19755756289342,2.377235932277377,1.0,73.44027535705042
none,SAC,1,2,80000,True,-2254.7348992404686,-2254.1518578104233,1.2556156346215004,74.62682306005794,11.894501498518428,97.19755756289342,2.377235932277377,1.0,73.44027535705042
strict,SAC,1,3,130000,True,-2233.508573721244,-2234.1391154488892,1.217826617438616,74.6656921654582,11.655978767582853,97.21143652669981,2.367700714663062,1.0,74.17534353620563
pct80,SAC,1,3,130000,True,-2233.508573721244,-2234.1391154488892,1.217826617438616,74.6656921654582,11.655978767582853,97.21143652669981,2.367700714663062,1.0,74.17534353620563
mean,SAC,1,3,130000,True,-2233.508573721244,-2234.1391154488892,1.217826617438616,74.6656921654582,11.655978767582853,97.21143652669981,2.367700714663062,1.0,74.17534353620563
none,SAC,1,3,130000,True,-2233.508573721244,-2234.1391154488892,1.217826617438616,74.6656921654582,11.655978767582853,97.21143652669981,2.367700714663062,1.0,74.17534353620563
strict,SAC,1,4,70000,True,-2509.795864100482,-2513.5721503171435,0.9038825877515011,70.69059645428153,11.98449928970007,96.36604841089085,2.0056944285061933,1.0,70.25464935141085
pct80,SAC,1,4,130000,True,-2386.381736250026,-2386.3760371708627,0.8712582173284844,71.49666962262985,11.590642607734393,96.49006927175344,2.0204391021575767,0.95,69.98068256943645
mean,SAC,1,4,130000,True,-2386.381736250026,-2386.3760371708627,0.8712582173284844,71.49666962262985,11.590642607734393,96.49006927175344,2.0204391021575767,0.95,69.98068256943645
none,SAC,1,4,130000,True,-2386.381736250026,-2386.3760371708627,0.8712582173284844,71.49666962262985,11.590642607734393,96.49006927175344,2.0204391021575767,0.95,69.98068256943645
strict,SAC,2,0,150000,True,-1523.5509048582094,-1522.8593543738664,0.9649682802385842,71.00495284275334,11.834587004244813,96.4095785236241,2.084406034495624,1.0,70.18657007516617
pct80,SAC,2,0,150000,True,-1523.5509048582094,-1522.8593543738664,0.9649682802385842,71.00495284275334,11.834587004244813,96.4095785236241,2.084406034495624,1.0,70.18657007516617
mean,SAC,2,0,90000,True,-1523.497910982721,-1522.904239259027,0.9438024388991562,71.170100820681,11.816304799233016,96.4399694027262,2.0656934197155556,0.35,69.85901477052577
none,SAC,2,0,90000,True,-1523.497910982721,-1522.904239259027,0.9438024388991562,71.170100820681,11.816304799233016,96.4399694027262,2.0656934197155556,0.35,69.85901477052577
strict,SAC,2,1,50000,True,-1519.1544110949478,-1519.5091121738114,0.7708085042862064,70.49346104885322,11.612000820261256,96.33820833945782,1.9156132763471256,1.0,70.15494652928186
pct80,SAC,2,1,50000,True,-1519.1544110949478,-1519.5091121738114,0.7708085042862064,70.49346104885322,11.612000820261256,96.33820833945782,1.9156132763471256,1.0,70.15494652928186
mean,SAC,2,1,50000,True,-1519.1544110949478,-1519.5091121738114,0.7708085042862064,70.49346104885322,11.612000820261256,96.33820833945782,1.9156132763471256,1.0,70.15494652928186
none,SAC,2,1,50000,True,-1519.1544110949478,-1519.5091121738114,0.7708085042862064,70.49346104885322,11.612000820261256,96.33820833945782,1.9156132763471256,1.0,70.15494652928186
strict,SAC,2,2,140000,True,-1518.16577275161,-1517.6646475882048,0.8414305764684302,70.96600144913485,11.682969799032955,96.40751634859055,1.9785917549912413,1.0,70.09203538023935
pct80,SAC,2,2,140000,True,-1518.16577275161,-1517.6646475882048,0.8414305764684302,70.96600144913485,11.682969799032955,96.40751634859055,1.9785917549912413,1.0,70.09203538023935
mean,SAC,2,2,140000,True,-1518.16577275161,-1517.6646475882048,0.8414305764684302,70.96600144913485,11.682969799032955,96.40751634859055,1.9785917549912413,1.0,70.09203538023935
none,SAC,2,2,140000,True,-1518.16577275161,-1517.6646475882048,0.8414305764684302,70.96600144913485,11.682969799032955,96.40751634859055,1.9785917549912413,1.0,70.09203538023935
strict,SAC,2,3,70000,True,-1523.4842229749092,-1523.8157319895652,0.9322919706732172,71.7026817666804,11.682917532066442,96.53044676281287,2.0709064063131044,1.0,70.69243266504583
pct80,SAC,2,3,70000,True,-1523.4842229749092,-1523.8157319895652,0.9322919706732172,71.7026817666804,11.682917532066442,96.53044676281287,2.0709064063131044,1.0,70.69243266504583
mean,SAC,2,3,120000,True,-1513.7707764519178,-1513.962489836165,0.8750180179948218,70.91354051978077,11.709733855924037,96.39748916845367,2.008895407574477,0.85,69.91396581858204
none,SAC,2,3,120000,True,-1513.7707764519178,-1513.962489836165,0.8750180179948218,70.91354051978077,11.709733855924037,96.39748916845367,2.008895407574477,0.85,69.91396581858204
strict,SAC,2,4,110000,True,-1514.490573576809,-1514.3914077382656,0.8975204627899028,70.90669763304342,11.85695639745936,96.39387782513354,2.014177250991859,0.95,69.98992949936107
pct80,SAC,2,4,110000,True,-1514.490573576809,-1514.3914077382656,0.8975204627899028,70.90669763304342,11.85695639745936,96.39387782513354,2.014177250991859,0.95,69.98992949936107
mean,SAC,2,4,110000,True,-1514.490573576809,-1514.3914077382656,0.8975204627899028,70.90669763304342,11.85695639745936,96.39387782513354,2.014177250991859,0.95,69.98992949936107
none,SAC,2,4,110000,True,-1514.490573576809,-1514.3914077382656,0.8975204627899028,70.90669763304342,11.85695639745936,96.39387782513354,2.014177250991859,0.95,69.98992949936107
strict,SAC,4,0,60000,True,-825.6244644095883,-825.2545071357175,1.0158917319780898,70.72359357440557,12.318502414045414,96.37282738969655,2.081140966562868,1.0,70.10554351167211
pct80,SAC,4,0,60000,True,-825.6244644095883,-825.2545071357175,1.0158917319780898,70.72359357440557,12.318502414045414,96.37282738969655,2.081140966562868,1.0,70.10554351167211
mean,SAC,4,0,60000,True,-825.6244644095883,-825.2545071357175,1.0158917319780898,70.72359357440557,12.318502414045414,96.37282738969655,2.081140966562868,1.0,70.10554351167211
none,SAC,4,0,60000,True,-825.6244644095883,-825.2545071357175,1.0158917319780898,70.72359357440557,12.318502414045414,96.37282738969655,2.081140966562868,1.0,70.10554351167211
strict,SAC,4,1,90000,True,-816.4762008162945,-816.284276034823,1.031230610651686,70.73337762944796,12.365746171755646,96.3711104171706,2.091438829447716,1.0,70.54792971740889
pct80,SAC,4,1,90000,True,-816.4762008162945,-816.284276034823,1.031230610651686,70.73337762944796,12.365746171755646,96.3711104171706,2.091438829447716,1.0,70.54792971740889
mean,SAC,4,1,90000,True,-816.4762008162945,-816.284276034823,1.031230610651686,70.73337762944796,12.365746171755646,96.3711104171706,2.091438829447716,1.0,70.54792971740889
none,SAC,4,1,90000,True,-816.4762008162945,-816.284276034823,1.031230610651686,70.73337762944796,12.365746171755646,96.3711104171706,2.091438829447716,1.0,70.54792971740889
strict,SAC,4,2,30000,True,-819.060997753525,-819.3823571794499,0.9800811881158296,70.7711995500011,11.88842081772733,96.38121848312483,2.0929769639561417,1.0,70.42959520819728
pct80,SAC,4,2,30000,True,-819.060997753525,-819.3823571794499,0.9800811881158296,70.7711995500011,11.88842081772733,96.38121848312483,2.0929769639561417,1.0,70.42959520819728
mean,SAC,4,2,30000,True,-819.060997753525,-819.3823571794499,0.9800811881158296,70.7711995500011,11.88842081772733,96.38121848312483,2.0929769639561417,1.0,70.42959520819728
none,SAC,4,2,30000,True,-819.060997753525,-819.3823571794499,0.9800811881158296,70.7711995500011,11.88842081772733,96.38121848312483,2.0929769639561417,1.0,70.42959520819728
strict,SAC,4,3,120000,True,-826.72467113985,-825.4476181149546,0.9461425108806818,71.3476230859983,12.058070301324971,96.4592134450414,2.040958436297592,1.0,70.30294949322268
pct80,SAC,4,3,120000,True,-826.72467113985,-825.4476181149546,0.9461425108806818,71.3476230859983,12.058070301324971,96.4592134450414,2.040958436297592,1.0,70.30294949322268
mean,SAC,4,3,120000,True,-826.72467113985,-825.4476181149546,0.9461425108806818,71.3476230859983,12.058070301324971,96.4592134450414,2.040958436297592,1.0,70.30294949322268
none,SAC,4,3,120000,True,-826.72467113985,-825.4476181149546,0.9461425108806818,71.3476230859983,12.058070301324971,96.4592134450414,2.040958436297592,1.0,70.30294949322268
strict,SAC,4,4,130000,True,-817.9312121528277,-818.1923887920345,0.9657669343412536,70.50910808689561,12.30114264649406,96.34185075250139,2.032530076712782,1.0,70.23275891880321
pct80,SAC,4,4,130000,True,-817.9312121528277,-818.1923887920345,0.9657669343412536,70.50910808689561,12.30114264649406,96.34185075250139,2.032530076712782,1.0,70.23275891880321
mean,SAC,4,4,130000,True,-817.9312121528277,-818.1923887920345,0.9657669343412536,70.50910808689561,12.30114264649406,96.34185075250139,2.032530076712782,1.0,70.23275891880321
none,SAC,4,4,130000,True,-817.9312121528277,-818.1923887920345,0.9657669343412536,70.50910808689561,12.30114264649406,96.34185075250139,2.032530076712782,1.0,70.23275891880321
strict,SAC,3,0,80000,True,-590.0980498950481,-588.8647706747101,0.8941629103831721,71.08630879161173,11.682861939539704,96.42748963318084,2.0315687501377875,1.0,70.34806147141424
pct80,SAC,3,0,80000,True,-590.0980498950481,-588.8647706747101,0.8941629103831721,71.08630879161173,11.682861939539704,96.42748963318084,2.0315687501377875,1.0,70.34806147141424
mean,SAC,3,0,80000,True,-590.0980498950481,-588.8647706747101,0.8941629103831721,71.08630879161173,11.682861939539704,96.42748963318084,2.0315687501377875,1.0,70.34806147141424
none,SAC,3,0,80000,True,-590.0980498950481,-588.8647706747101,0.8941629103831721,71.08630879161173,11.682861939539704,96.42748963318084,2.0315687501377875,1.0,70.34806147141424
strict,SAC,3,1,110000,True,-574.0763858140738,-575.8657950791769,0.7239340409886831,70.35476577162515,11.564259549766124,96.320029051456,1.874274992315581,1.0,70.11902921345198
pct80,SAC,3,1,120000,True,-569.2112970171851,-570.3638080839231,0.7100276748316784,70.26381293974005,11.598983451924939,96.3090491894455,1.8560490953925701,1.0,70.08609677908561
mean,SAC,3,1,130000,True,-562.1398102291968,-561.0754376721891,0.6876470780962768,70.0976446961058,11.664472169054164,96.28851395970075,1.8255944192472255,0.65,69.84439582664612
none,SAC,3,1,130000,True,-562.1398102291968,-561.0754376721891,0.6876470780962768,70.0976446961058,11.664472169054164,96.28851395970075,1.8255944192472255,0.65,69.84439582664612
strict,SAC,3,2,140000,True,-592.6038879646709,-593.1927177916298,0.8213867726032011,70.50350605849869,11.826170886680003,96.34074739523246,1.9410011391076942,0.85,69.65159318606193
pct80,SAC,3,2,130000,True,-588.2652289472127,-588.2259130010947,0.8103052953687964,70.22025357849091,11.893778977244029,96.30319337652654,1.9216985722182325,0.75,69.74755023811497
mean,SAC,3,2,130000,True,-588.2652289472127,-588.2259130010947,0.8103052953687964,70.22025357849091,11.893778977244029,96.30319337652654,1.9216985722182325,0.75,69.74755023811497
none,SAC,3,2,130000,True,-588.2652289472127,-588.2259130010947,0.8103052953687964,70.22025357849091,11.893778977244029,96.30319337652654,1.9216985722182325,0.75,69.74755023811497
strict,SAC,3,3,50000,True,-624.0096023562179,-626.3586771498676,0.945795113902523,71.23780728634226,11.974084296052862,96.4477967484271,2.0497444419887216,1.0,70.23597714475159
pct80,SAC,3,3,130000,True,-621.4305171397502,-625.6494454894644,0.8383077879696176,70.76986112597147,12.105192077533756,96.36900311304109,1.9267277686547977,1.0,70.28036134040327
mean,SAC,3,3,130000,True,-621.4305171397502,-625.6494454894644,0.8383077879696176,70.76986112597147,12.105192077533756,96.36900311304109,1.9267277686547977,1.0,70.28036134040327
none,SAC,3,3,110000,True,-597.576656635201,-599.8899294740816,0.6892865846488389,69.75430089012323,11.571033360879,96.25401117087692,1.8381168158786405,0.0,69.61341040880687
strict,SAC,3,4,100000,True,-591.8954114794719,-591.8948714803635,0.9123968609305914,70.82228344839704,11.919111763256865,96.38138557541834,2.0217930924412335,1.0,70.16963118571189
pct80,SAC,3,4,100000,True,-591.8954114794719,-591.8948714803635,0.9123968609305914,70.82228344839704,11.919111763256865,96.38138557541834,2.0217930924412335,1.0,70.16963118571189
mean,SAC,3,4,150000,True,-583.0347161031099,-582.9920229346674,0.9955397619237607,70.1608178382422,12.230449775982777,96.30188156153079,2.0694640402841764,0.15,69.88651615038562
none,SAC,3,4,150000,True,-583.0347161031099,-582.9920229346674,0.9955397619237607,70.1608178382422,12.230449775982777,96.30188156153079,2.0694640402841764,0.15,69.88651615038562
